[2026-05-01 00:02:13] local.ERROR: Method Illuminate\Foundation\Console\ClosureCommand::hourly does not exist. {"exception":"[object] (BadMethodCallException(code: 0): Method Illuminate\\Foundation\\Console\\ClosureCommand::hourly does not exist. at D:/BS CS/BS COSC SEM 6/nike-laravel/nike-laravel/vendor/laravel/framework/src/Illuminate/Macroable/Traits/Macroable.php:112)
[stacktrace]
#0 D:/BS CS/BS COSC SEM 6/nike-laravel/nike-laravel/routes/console.php(8): Illuminate/Console/Command->__call('hourly', Array)
#1 D:/BS CS/BS COSC SEM 6/nike-laravel/nike-laravel/app/Console/Kernel.php(17): require('D://BS CS//BS COS...')
#2 D:/BS CS/BS COSC SEM 6/nike-laravel/nike-laravel/vendor/laravel/framework/src/Illuminate/Foundation/Console/Kernel.php(453): App/Console/Kernel->commands()
#3 D:/BS CS/BS COSC SEM 6/nike-laravel/nike-laravel/vendor/laravel/framework/src/Illuminate/Foundation/Console/Kernel.php(199): Illuminate/Foundation/Console/Kernel->bootstrap()
#4 D:/BS CS/BS COSC SEM 6/nike-laravel/nike-laravel/artisan(12): Illuminate/Foundation/Console/Kernel->handle(Object(Symfony/Component/Console/Input/ArgvInput), Object(Symfony/Component/Console/Output/ConsoleOutput))
#5 {main}
"} 
[2026-05-01 00:03:10] local.ERROR: Method Illuminate\Foundation\Console\ClosureCommand::hourly does not exist. {"exception":"[object] (BadMethodCallException(code: 0): Method Illuminate\\Foundation\\Console\\ClosureCommand::hourly does not exist. at D:/BS CS/BS COSC SEM 6/nike-laravel/nike-laravel/vendor/laravel/framework/src/Illuminate/Macroable/Traits/Macroable.php:112)
[stacktrace]
#0 D:/BS CS/BS COSC SEM 6/nike-laravel/nike-laravel/routes/console.php(8): Illuminate/Console/Command->__call('hourly', Array)
#1 D:/BS CS/BS COSC SEM 6/nike-laravel/nike-laravel/app/Console/Kernel.php(17): require('D://BS CS//BS COS...')
#2 D:/BS CS/BS COSC SEM 6/nike-laravel/nike-laravel/vendor/laravel/framework/src/Illuminate/Foundation/Console/Kernel.php(453): App/Console/Kernel->commands()
#3 D:/BS CS/BS COSC SEM 6/nike-laravel/nike-laravel/vendor/laravel/framework/src/Illuminate/Foundation/Console/Kernel.php(199): Illuminate/Foundation/Console/Kernel->bootstrap()
#4 D:/BS CS/BS COSC SEM 6/nike-laravel/nike-laravel/artisan(12): Illuminate/Foundation/Console/Kernel->handle(Object(Symfony/Component/Console/Input/ArgvInput), Object(Symfony/Component/Console/Output/ConsoleOutput))
#5 {main}
"} 
[2026-05-01 00:04:31] local.ERROR: Illuminate\View\FileViewFinder::__construct(): Argument #2 ($paths) must be of type array, null given, called in D:\BS CS\BS COSC SEM 6\nike-laravel\nike-laravel\vendor\laravel\framework\src\Illuminate\View\ViewServiceProvider.php on line 85 {"exception":"[object] (TypeError(code: 0): Illuminate\\View\\FileViewFinder::__construct(): Argument #2 ($paths) must be of type array, null given, called in D:\\BS CS\\BS COSC SEM 6\\nike-laravel\\nike-laravel\\vendor\\laravel\\framework\\src\\Illuminate\\View\\ViewServiceProvider.php on line 85 at D:/BS CS/BS COSC SEM 6/nike-laravel/nike-laravel/vendor/laravel/framework/src/Illuminate/View/FileViewFinder.php:53)
[stacktrace]
#0 D:/BS CS/BS COSC SEM 6/nike-laravel/nike-laravel/vendor/laravel/framework/src/Illuminate/View/ViewServiceProvider.php(85): Illuminate/View/FileViewFinder->__construct(Object(Illuminate/Filesystem/Filesystem), NULL)
#1 D:/BS CS/BS COSC SEM 6/nike-laravel/nike-laravel/vendor/laravel/framework/src/Illuminate/Container/Container.php(908): Illuminate/View/ViewServiceProvider->Illuminate/View/{closure}(Object(Illuminate/Foundation/Application), Array)
#2 D:/BS CS/BS COSC SEM 6/nike-laravel/nike-laravel/vendor/laravel/framework/src/Illuminate/Container/Container.php(795): Illuminate/Container/Container->build(Object(Closure))
#3 D:/BS CS/BS COSC SEM 6/nike-laravel/nike-laravel/vendor/laravel/framework/src/Illuminate/Foundation/Application.php(986): Illuminate/Container/Container->resolve('view.finder', Array, true)
#4 D:/BS CS/BS COSC SEM 6/nike-laravel/nike-laravel/vendor/laravel/framework/src/Illuminate/Container/Container.php(731): Illuminate/Foundation/Application->resolve('view.finder', Array)
#5 D:/BS CS/BS COSC SEM 6/nike-laravel/nike-laravel/vendor/laravel/framework/src/Illuminate/Foundation/Application.php(971): Illuminate/Container/Container->make('view.finder', Array)
#6 D:/BS CS/BS COSC SEM 6/nike-laravel/nike-laravel/vendor/laravel/framework/src/Illuminate/Container/Container.php(1454): Illuminate/Foundation/Application->make('view.finder')
#7 D:/BS CS/BS COSC SEM 6/nike-laravel/nike-laravel/vendor/laravel/framework/src/Illuminate/View/ViewServiceProvider.php(45): Illuminate/Container/Container->offsetGet('view.finder')
#8 D:/BS CS/BS COSC SEM 6/nike-laravel/nike-laravel/vendor/laravel/framework/src/Illuminate/Container/Container.php(908): Illuminate/View/ViewServiceProvider->Illuminate/View/{closure}(Object(Illuminate/Foundation/Application), Array)
#9 D:/BS CS/BS COSC SEM 6/nike-laravel/nike-laravel/vendor/laravel/framework/src/Illuminate/Container/Container.php(795): Illuminate/Container/Container->build(Object(Closure))
#10 D:/BS CS/BS COSC SEM 6/nike-laravel/nike-laravel/vendor/laravel/framework/src/Illuminate/Foundation/Application.php(986): Illuminate/Container/Container->resolve('view', Array, true)
#11 D:/BS CS/BS COSC SEM 6/nike-laravel/nike-laravel/vendor/laravel/framework/src/Illuminate/Container/Container.php(731): Illuminate/Foundation/Application->resolve('view', Array)
#12 D:/BS CS/BS COSC SEM 6/nike-laravel/nike-laravel/vendor/laravel/framework/src/Illuminate/Foundation/Application.php(971): Illuminate/Container/Container->make('view', Array)
#13 D:/BS CS/BS COSC SEM 6/nike-laravel/nike-laravel/vendor/laravel/framework/src/Illuminate/Container/Container.php(1454): Illuminate/Foundation/Application->make('view')
#14 D:/BS CS/BS COSC SEM 6/nike-laravel/nike-laravel/vendor/laravel/framework/src/Illuminate/Support/Facades/Facade.php(237): Illuminate/Container/Container->offsetGet('view')
#15 D:/BS CS/BS COSC SEM 6/nike-laravel/nike-laravel/vendor/laravel/framework/src/Illuminate/Support/Facades/Facade.php(208): Illuminate/Support/Facades/Facade::resolveFacadeInstance('view')
#16 D:/BS CS/BS COSC SEM 6/nike-laravel/nike-laravel/vendor/laravel/framework/src/Illuminate/Support/Facades/Facade.php(349): Illuminate/Support/Facades/Facade::getFacadeRoot()
#17 D:/BS CS/BS COSC SEM 6/nike-laravel/nike-laravel/vendor/laravel/framework/src/Illuminate/Foundation/Exceptions/RegisterErrorViewPaths.php(16): Illuminate/Support/Facades/Facade::__callStatic('replaceNamespac...', Array)
#18 D:/BS CS/BS COSC SEM 6/nike-laravel/nike-laravel/vendor/laravel/framework/src/Illuminate/Foundation/Exceptions/Handler.php(744): Illuminate/Foundation/Exceptions/RegisterErrorViewPaths->__invoke()
#19 D:/BS CS/BS COSC SEM 6/nike-laravel/nike-laravel/vendor/laravel/framework/src/Illuminate/Foundation/Exceptions/Handler.php(719): Illuminate/Foundation/Exceptions/Handler->registerErrorViewPaths()
#20 D:/BS CS/BS COSC SEM 6/nike-laravel/nike-laravel/vendor/laravel/framework/src/Illuminate/Foundation/Exceptions/Handler.php(650): Illuminate/Foundation/Exceptions/Handler->renderHttpException(Object(Symfony/Component/HttpKernel/Exception/NotFoundHttpException))
#21 D:/BS CS/BS COSC SEM 6/nike-laravel/nike-laravel/vendor/laravel/framework/src/Illuminate/Foundation/Exceptions/Handler.php(556): Illuminate/Foundation/Exceptions/Handler->prepareResponse(Object(Illuminate/Http/Request), Object(Symfony/Component/HttpKernel/Exception/NotFoundHttpException))
#22 D:/BS CS/BS COSC SEM 6/nike-laravel/nike-laravel/vendor/laravel/framework/src/Illuminate/Foundation/Exceptions/Handler.php(473): Illuminate/Foundation/Exceptions/Handler->renderExceptionResponse(Object(Illuminate/Http/Request), Object(Symfony/Component/HttpKernel/Exception/NotFoundHttpException))
#23 D:/BS CS/BS COSC SEM 6/nike-laravel/nike-laravel/vendor/laravel/framework/src/Illuminate/Routing/Pipeline.php(51): Illuminate/Foundation/Exceptions/Handler->render(Object(Illuminate/Http/Request), Object(Symfony/Component/HttpKernel/Exception/NotFoundHttpException))
#24 D:/BS CS/BS COSC SEM 6/nike-laravel/nike-laravel/vendor/laravel/framework/src/Illuminate/Pipeline/Pipeline.php(146): Illuminate/Routing/Pipeline->handleException(Object(Illuminate/Http/Request), Object(Symfony/Component/HttpKernel/Exception/NotFoundHttpException))
#25 D:/BS CS/BS COSC SEM 6/nike-laravel/nike-laravel/vendor/laravel/framework/src/Illuminate/Foundation/Http/Middleware/TransformsRequest.php(21): Illuminate/Pipeline/Pipeline->Illuminate/Pipeline/{closure}(Object(Illuminate/Http/Request))
#26 D:/BS CS/BS COSC SEM 6/nike-laravel/nike-laravel/vendor/laravel/framework/src/Illuminate/Foundation/Http/Middleware/ConvertEmptyStringsToNull.php(31): Illuminate/Foundation/Http/Middleware/TransformsRequest->handle(Object(Illuminate/Http/Request), Object(Closure))
#27 D:/BS CS/BS COSC SEM 6/nike-laravel/nike-laravel/vendor/laravel/framework/src/Illuminate/Pipeline/Pipeline.php(183): Illuminate/Foundation/Http/Middleware/ConvertEmptyStringsToNull->handle(Object(Illuminate/Http/Request), Object(Closure))
#28 D:/BS CS/BS COSC SEM 6/nike-laravel/nike-laravel/vendor/laravel/framework/src/Illuminate/Foundation/Http/Middleware/ValidatePostSize.php(27): Illuminate/Pipeline/Pipeline->Illuminate/Pipeline/{closure}(Object(Illuminate/Http/Request))
#29 D:/BS CS/BS COSC SEM 6/nike-laravel/nike-laravel/vendor/laravel/framework/src/Illuminate/Pipeline/Pipeline.php(183): Illuminate/Foundation/Http/Middleware/ValidatePostSize->handle(Object(Illuminate/Http/Request), Object(Closure))
#30 D:/BS CS/BS COSC SEM 6/nike-laravel/nike-laravel/vendor/laravel/framework/src/Illuminate/Foundation/Http/Middleware/PreventRequestsDuringMaintenance.php(99): Illuminate/Pipeline/Pipeline->Illuminate/Pipeline/{closure}(Object(Illuminate/Http/Request))
#31 D:/BS CS/BS COSC SEM 6/nike-laravel/nike-laravel/vendor/laravel/framework/src/Illuminate/Pipeline/Pipeline.php(183): Illuminate/Foundation/Http/Middleware/PreventRequestsDuringMaintenance->handle(Object(Illuminate/Http/Request), Object(Closure))
#32 D:/BS CS/BS COSC SEM 6/nike-laravel/nike-laravel/vendor/laravel/framework/src/Illuminate/Pipeline/Pipeline.php(119): Illuminate/Pipeline/Pipeline->Illuminate/Pipeline/{closure}(Object(Illuminate/Http/Request))
#33 D:/BS CS/BS COSC SEM 6/nike-laravel/nike-laravel/vendor/laravel/framework/src/Illuminate/Foundation/Http/Kernel.php(175): Illuminate/Pipeline/Pipeline->then(Object(Closure))
#34 D:/BS CS/BS COSC SEM 6/nike-laravel/nike-laravel/vendor/laravel/framework/src/Illuminate/Foundation/Http/Kernel.php(144): Illuminate/Foundation/Http/Kernel->sendRequestThroughRouter(Object(Illuminate/Http/Request))
#35 D:/BS CS/BS COSC SEM 6/nike-laravel/nike-laravel/public/index.php(23): Illuminate/Foundation/Http/Kernel->handle(Object(Illuminate/Http/Request))
#36 D:/BS CS/BS COSC SEM 6/nike-laravel/nike-laravel/vendor/laravel/framework/src/Illuminate/Foundation/resources/server.php(16): require_once('D://BS CS//BS COS...')
#37 {main}
"} 
[2026-05-01 00:06:24] local.ERROR: Class "App\Http\Controllers\Controller" not found {"exception":"[object] (Error(code: 0): Class \"App\\Http\\Controllers\\Controller\" not found at D:/BS CS/BS COSC SEM 6/nike-laravel/nike-laravel/app/Http/Controllers/ShopController.php:6)
[stacktrace]
#0 D:/BS CS/BS COSC SEM 6/nike-laravel/nike-laravel/vendor/composer/ClassLoader.php(576): include()
#1 D:/BS CS/BS COSC SEM 6/nike-laravel/nike-laravel/vendor/composer/ClassLoader.php(427): Composer/Autoload/{closure}('D://BS CS//BS COS...')
#2 [internal function]: Composer/Autoload/ClassLoader->loadClass('App//Http//Contro...')
#3 D:/BS CS/BS COSC SEM 6/nike-laravel/nike-laravel/vendor/laravel/framework/src/Illuminate/Routing/Route.php(1096): is_a('App//Http//Contro...', 'Illuminate//Rout...', true)
#4 D:/BS CS/BS COSC SEM 6/nike-laravel/nike-laravel/vendor/laravel/framework/src/Illuminate/Routing/Route.php(1035): Illuminate/Routing/Route->controllerMiddleware()
#5 D:/BS CS/BS COSC SEM 6/nike-laravel/nike-laravel/vendor/laravel/framework/src/Illuminate/Routing/Router.php(818): Illuminate/Routing/Route->gatherMiddleware()
#6 D:/BS CS/BS COSC SEM 6/nike-laravel/nike-laravel/vendor/laravel/framework/src/Illuminate/Routing/Router.php(800): Illuminate/Routing/Router->gatherRouteMiddleware(Object(Illuminate/Routing/Route))
#7 D:/BS CS/BS COSC SEM 6/nike-laravel/nike-laravel/vendor/laravel/framework/src/Illuminate/Routing/Router.php(784): Illuminate/Routing/Router->runRouteWithinStack(Object(Illuminate/Routing/Route), Object(Illuminate/Http/Request))
#8 D:/BS CS/BS COSC SEM 6/nike-laravel/nike-laravel/vendor/laravel/framework/src/Illuminate/Routing/Router.php(748): Illuminate/Routing/Router->runRoute(Object(Illuminate/Http/Request), Object(Illuminate/Routing/Route))
#9 D:/BS CS/BS COSC SEM 6/nike-laravel/nike-laravel/vendor/laravel/framework/src/Illuminate/Routing/Router.php(737): Illuminate/Routing/Router->dispatchToRoute(Object(Illuminate/Http/Request))
#10 D:/BS CS/BS COSC SEM 6/nike-laravel/nike-laravel/vendor/laravel/framework/src/Illuminate/Foundation/Http/Kernel.php(200): Illuminate/Routing/Router->dispatch(Object(Illuminate/Http/Request))
#11 D:/BS CS/BS COSC SEM 6/nike-laravel/nike-laravel/vendor/laravel/framework/src/Illuminate/Pipeline/Pipeline.php(144): Illuminate/Foundation/Http/Kernel->Illuminate/Foundation/Http/{closure}(Object(Illuminate/Http/Request))
#12 D:/BS CS/BS COSC SEM 6/nike-laravel/nike-laravel/vendor/laravel/framework/src/Illuminate/Foundation/Http/Middleware/TransformsRequest.php(21): Illuminate/Pipeline/Pipeline->Illuminate/Pipeline/{closure}(Object(Illuminate/Http/Request))
#13 D:/BS CS/BS COSC SEM 6/nike-laravel/nike-laravel/vendor/laravel/framework/src/Illuminate/Foundation/Http/Middleware/ConvertEmptyStringsToNull.php(31): Illuminate/Foundation/Http/Middleware/TransformsRequest->handle(Object(Illuminate/Http/Request), Object(Closure))
#14 D:/BS CS/BS COSC SEM 6/nike-laravel/nike-laravel/vendor/laravel/framework/src/Illuminate/Pipeline/Pipeline.php(183): Illuminate/Foundation/Http/Middleware/ConvertEmptyStringsToNull->handle(Object(Illuminate/Http/Request), Object(Closure))
#15 D:/BS CS/BS COSC SEM 6/nike-laravel/nike-laravel/vendor/laravel/framework/src/Illuminate/Foundation/Http/Middleware/ValidatePostSize.php(27): Illuminate/Pipeline/Pipeline->Illuminate/Pipeline/{closure}(Object(Illuminate/Http/Request))
#16 D:/BS CS/BS COSC SEM 6/nike-laravel/nike-laravel/vendor/laravel/framework/src/Illuminate/Pipeline/Pipeline.php(183): Illuminate/Foundation/Http/Middleware/ValidatePostSize->handle(Object(Illuminate/Http/Request), Object(Closure))
#17 D:/BS CS/BS COSC SEM 6/nike-laravel/nike-laravel/vendor/laravel/framework/src/Illuminate/Foundation/Http/Middleware/PreventRequestsDuringMaintenance.php(99): Illuminate/Pipeline/Pipeline->Illuminate/Pipeline/{closure}(Object(Illuminate/Http/Request))
#18 D:/BS CS/BS COSC SEM 6/nike-laravel/nike-laravel/vendor/laravel/framework/src/Illuminate/Pipeline/Pipeline.php(183): Illuminate/Foundation/Http/Middleware/PreventRequestsDuringMaintenance->handle(Object(Illuminate/Http/Request), Object(Closure))
#19 D:/BS CS/BS COSC SEM 6/nike-laravel/nike-laravel/vendor/laravel/framework/src/Illuminate/Pipeline/Pipeline.php(119): Illuminate/Pipeline/Pipeline->Illuminate/Pipeline/{closure}(Object(Illuminate/Http/Request))
#20 D:/BS CS/BS COSC SEM 6/nike-laravel/nike-laravel/vendor/laravel/framework/src/Illuminate/Foundation/Http/Kernel.php(175): Illuminate/Pipeline/Pipeline->then(Object(Closure))
#21 D:/BS CS/BS COSC SEM 6/nike-laravel/nike-laravel/vendor/laravel/framework/src/Illuminate/Foundation/Http/Kernel.php(144): Illuminate/Foundation/Http/Kernel->sendRequestThroughRouter(Object(Illuminate/Http/Request))
#22 D:/BS CS/BS COSC SEM 6/nike-laravel/nike-laravel/public/index.php(23): Illuminate/Foundation/Http/Kernel->handle(Object(Illuminate/Http/Request))
#23 D:/BS CS/BS COSC SEM 6/nike-laravel/nike-laravel/vendor/laravel/framework/src/Illuminate/Foundation/resources/server.php(16): require_once('D://BS CS//BS COS...')
#24 {main}
"} 
[2026-05-01 00:07:04] local.ERROR: No application encryption key has been specified. {"exception":"[object] (Illuminate\\Encryption\\MissingAppKeyException(code: 0): No application encryption key has been specified. at D:/BS CS/BS COSC SEM 6/nike-laravel/nike-laravel/vendor/laravel/framework/src/Illuminate/Encryption/EncryptionServiceProvider.php:79)
[stacktrace]
#0 D:/BS CS/BS COSC SEM 6/nike-laravel/nike-laravel/vendor/laravel/framework/src/Illuminate/Support/helpers.php(320): Illuminate/Encryption/EncryptionServiceProvider->Illuminate/Encryption/{closure}('')
#1 D:/BS CS/BS COSC SEM 6/nike-laravel/nike-laravel/vendor/laravel/framework/src/Illuminate/Encryption/EncryptionServiceProvider.php(77): tap('', Object(Closure))
#2 D:/BS CS/BS COSC SEM 6/nike-laravel/nike-laravel/vendor/laravel/framework/src/Illuminate/Encryption/EncryptionServiceProvider.php(60): Illuminate/Encryption/EncryptionServiceProvider->key(Array)
#3 D:/BS CS/BS COSC SEM 6/nike-laravel/nike-laravel/vendor/laravel/framework/src/Illuminate/Encryption/EncryptionServiceProvider.php(32): Illuminate/Encryption/EncryptionServiceProvider->parseKey(Array)
#4 D:/BS CS/BS COSC SEM 6/nike-laravel/nike-laravel/vendor/laravel/framework/src/Illuminate/Container/Container.php(908): Illuminate/Encryption/EncryptionServiceProvider->Illuminate/Encryption/{closure}(Object(Illuminate/Foundation/Application), Array)
#5 D:/BS CS/BS COSC SEM 6/nike-laravel/nike-laravel/vendor/laravel/framework/src/Illuminate/Container/Container.php(795): Illuminate/Container/Container->build(Object(Closure))
#6 D:/BS CS/BS COSC SEM 6/nike-laravel/nike-laravel/vendor/laravel/framework/src/Illuminate/Foundation/Application.php(986): Illuminate/Container/Container->resolve('encrypter', Array, true)
#7 D:/BS CS/BS COSC SEM 6/nike-laravel/nike-laravel/vendor/laravel/framework/src/Illuminate/Container/Container.php(731): Illuminate/Foundation/Application->resolve('encrypter', Array)
#8 D:/BS CS/BS COSC SEM 6/nike-laravel/nike-laravel/vendor/laravel/framework/src/Illuminate/Foundation/Application.php(971): Illuminate/Container/Container->make('encrypter', Array)
#9 D:/BS CS/BS COSC SEM 6/nike-laravel/nike-laravel/vendor/laravel/framework/src/Illuminate/Container/Container.php(1066): Illuminate/Foundation/Application->make('encrypter')
#10 D:/BS CS/BS COSC SEM 6/nike-laravel/nike-laravel/vendor/laravel/framework/src/Illuminate/Container/Container.php(982): Illuminate/Container/Container->resolveClass(Object(ReflectionParameter))
#11 D:/BS CS/BS COSC SEM 6/nike-laravel/nike-laravel/vendor/laravel/framework/src/Illuminate/Container/Container.php(943): Illuminate/Container/Container->resolveDependencies(Array)
#12 D:/BS CS/BS COSC SEM 6/nike-laravel/nike-laravel/vendor/laravel/framework/src/Illuminate/Container/Container.php(795): Illuminate/Container/Container->build('Illuminate//Cook...')
#13 D:/BS CS/BS COSC SEM 6/nike-laravel/nike-laravel/vendor/laravel/framework/src/Illuminate/Foundation/Application.php(986): Illuminate/Container/Container->resolve('Illuminate//Cook...', Array, true)
#14 D:/BS CS/BS COSC SEM 6/nike-laravel/nike-laravel/vendor/laravel/framework/src/Illuminate/Container/Container.php(731): Illuminate/Foundation/Application->resolve('Illuminate//Cook...', Array)
#15 D:/BS CS/BS COSC SEM 6/nike-laravel/nike-laravel/vendor/laravel/framework/src/Illuminate/Foundation/Application.php(971): Illuminate/Container/Container->make('Illuminate//Cook...', Array)
#16 D:/BS CS/BS COSC SEM 6/nike-laravel/nike-laravel/vendor/laravel/framework/src/Illuminate/Pipeline/Pipeline.php(172): Illuminate/Foundation/Application->make('Illuminate//Cook...')
#17 D:/BS CS/BS COSC SEM 6/nike-laravel/nike-laravel/vendor/laravel/framework/src/Illuminate/Pipeline/Pipeline.php(119): Illuminate/Pipeline/Pipeline->Illuminate/Pipeline/{closure}(Object(Illuminate/Http/Request))
#18 D:/BS CS/BS COSC SEM 6/nike-laravel/nike-laravel/vendor/laravel/framework/src/Illuminate/Routing/Router.php(805): Illuminate/Pipeline/Pipeline->then(Object(Closure))
#19 D:/BS CS/BS COSC SEM 6/nike-laravel/nike-laravel/vendor/laravel/framework/src/Illuminate/Routing/Router.php(784): Illuminate/Routing/Router->runRouteWithinStack(Object(Illuminate/Routing/Route), Object(Illuminate/Http/Request))
#20 D:/BS CS/BS COSC SEM 6/nike-laravel/nike-laravel/vendor/laravel/framework/src/Illuminate/Routing/Router.php(748): Illuminate/Routing/Router->runRoute(Object(Illuminate/Http/Request), Object(Illuminate/Routing/Route))
#21 D:/BS CS/BS COSC SEM 6/nike-laravel/nike-laravel/vendor/laravel/framework/src/Illuminate/Routing/Router.php(737): Illuminate/Routing/Router->dispatchToRoute(Object(Illuminate/Http/Request))
#22 D:/BS CS/BS COSC SEM 6/nike-laravel/nike-laravel/vendor/laravel/framework/src/Illuminate/Foundation/Http/Kernel.php(200): Illuminate/Routing/Router->dispatch(Object(Illuminate/Http/Request))
#23 D:/BS CS/BS COSC SEM 6/nike-laravel/nike-laravel/vendor/laravel/framework/src/Illuminate/Pipeline/Pipeline.php(144): Illuminate/Foundation/Http/Kernel->Illuminate/Foundation/Http/{closure}(Object(Illuminate/Http/Request))
#24 D:/BS CS/BS COSC SEM 6/nike-laravel/nike-laravel/vendor/laravel/framework/src/Illuminate/Foundation/Http/Middleware/TransformsRequest.php(21): Illuminate/Pipeline/Pipeline->Illuminate/Pipeline/{closure}(Object(Illuminate/Http/Request))
#25 D:/BS CS/BS COSC SEM 6/nike-laravel/nike-laravel/vendor/laravel/framework/src/Illuminate/Foundation/Http/Middleware/ConvertEmptyStringsToNull.php(31): Illuminate/Foundation/Http/Middleware/TransformsRequest->handle(Object(Illuminate/Http/Request), Object(Closure))
#26 D:/BS CS/BS COSC SEM 6/nike-laravel/nike-laravel/vendor/laravel/framework/src/Illuminate/Pipeline/Pipeline.php(183): Illuminate/Foundation/Http/Middleware/ConvertEmptyStringsToNull->handle(Object(Illuminate/Http/Request), Object(Closure))
#27 D:/BS CS/BS COSC SEM 6/nike-laravel/nike-laravel/vendor/laravel/framework/src/Illuminate/Foundation/Http/Middleware/ValidatePostSize.php(27): Illuminate/Pipeline/Pipeline->Illuminate/Pipeline/{closure}(Object(Illuminate/Http/Request))
#28 D:/BS CS/BS COSC SEM 6/nike-laravel/nike-laravel/vendor/laravel/framework/src/Illuminate/Pipeline/Pipeline.php(183): Illuminate/Foundation/Http/Middleware/ValidatePostSize->handle(Object(Illuminate/Http/Request), Object(Closure))
#29 D:/BS CS/BS COSC SEM 6/nike-laravel/nike-laravel/vendor/laravel/framework/src/Illuminate/Foundation/Http/Middleware/PreventRequestsDuringMaintenance.php(99): Illuminate/Pipeline/Pipeline->Illuminate/Pipeline/{closure}(Object(Illuminate/Http/Request))
#30 D:/BS CS/BS COSC SEM 6/nike-laravel/nike-laravel/vendor/laravel/framework/src/Illuminate/Pipeline/Pipeline.php(183): Illuminate/Foundation/Http/Middleware/PreventRequestsDuringMaintenance->handle(Object(Illuminate/Http/Request), Object(Closure))
#31 D:/BS CS/BS COSC SEM 6/nike-laravel/nike-laravel/vendor/laravel/framework/src/Illuminate/Pipeline/Pipeline.php(119): Illuminate/Pipeline/Pipeline->Illuminate/Pipeline/{closure}(Object(Illuminate/Http/Request))
#32 D:/BS CS/BS COSC SEM 6/nike-laravel/nike-laravel/vendor/laravel/framework/src/Illuminate/Foundation/Http/Kernel.php(175): Illuminate/Pipeline/Pipeline->then(Object(Closure))
#33 D:/BS CS/BS COSC SEM 6/nike-laravel/nike-laravel/vendor/laravel/framework/src/Illuminate/Foundation/Http/Kernel.php(144): Illuminate/Foundation/Http/Kernel->sendRequestThroughRouter(Object(Illuminate/Http/Request))
#34 D:/BS CS/BS COSC SEM 6/nike-laravel/nike-laravel/public/index.php(23): Illuminate/Foundation/Http/Kernel->handle(Object(Illuminate/Http/Request))
#35 D:/BS CS/BS COSC SEM 6/nike-laravel/nike-laravel/vendor/laravel/framework/src/Illuminate/Foundation/resources/server.php(16): require_once('D://BS CS//BS COS...')
#36 {main}
"} 
[2026-05-01 00:07:04] local.ERROR: No application encryption key has been specified. {"exception":"[object] (Illuminate\\Encryption\\MissingAppKeyException(code: 0): No application encryption key has been specified. at D:/BS CS/BS COSC SEM 6/nike-laravel/nike-laravel/vendor/laravel/framework/src/Illuminate/Encryption/EncryptionServiceProvider.php:79)
[stacktrace]
#0 D:/BS CS/BS COSC SEM 6/nike-laravel/nike-laravel/vendor/laravel/framework/src/Illuminate/Support/helpers.php(320): Illuminate/Encryption/EncryptionServiceProvider->Illuminate/Encryption/{closure}('')
#1 D:/BS CS/BS COSC SEM 6/nike-laravel/nike-laravel/vendor/laravel/framework/src/Illuminate/Encryption/EncryptionServiceProvider.php(77): tap('', Object(Closure))
#2 D:/BS CS/BS COSC SEM 6/nike-laravel/nike-laravel/vendor/laravel/framework/src/Illuminate/Encryption/EncryptionServiceProvider.php(60): Illuminate/Encryption/EncryptionServiceProvider->key(Array)
#3 D:/BS CS/BS COSC SEM 6/nike-laravel/nike-laravel/vendor/laravel/framework/src/Illuminate/Encryption/EncryptionServiceProvider.php(32): Illuminate/Encryption/EncryptionServiceProvider->parseKey(Array)
#4 D:/BS CS/BS COSC SEM 6/nike-laravel/nike-laravel/vendor/laravel/framework/src/Illuminate/Container/Container.php(908): Illuminate/Encryption/EncryptionServiceProvider->Illuminate/Encryption/{closure}(Object(Illuminate/Foundation/Application), Array)
#5 D:/BS CS/BS COSC SEM 6/nike-laravel/nike-laravel/vendor/laravel/framework/src/Illuminate/Container/Container.php(795): Illuminate/Container/Container->build(Object(Closure))
#6 D:/BS CS/BS COSC SEM 6/nike-laravel/nike-laravel/vendor/laravel/framework/src/Illuminate/Foundation/Application.php(986): Illuminate/Container/Container->resolve('encrypter', Array, true)
#7 D:/BS CS/BS COSC SEM 6/nike-laravel/nike-laravel/vendor/laravel/framework/src/Illuminate/Container/Container.php(731): Illuminate/Foundation/Application->resolve('encrypter', Array)
#8 D:/BS CS/BS COSC SEM 6/nike-laravel/nike-laravel/vendor/laravel/framework/src/Illuminate/Foundation/Application.php(971): Illuminate/Container/Container->make('encrypter', Array)
#9 D:/BS CS/BS COSC SEM 6/nike-laravel/nike-laravel/vendor/laravel/framework/src/Illuminate/Container/Container.php(1066): Illuminate/Foundation/Application->make('encrypter')
#10 D:/BS CS/BS COSC SEM 6/nike-laravel/nike-laravel/vendor/laravel/framework/src/Illuminate/Container/Container.php(982): Illuminate/Container/Container->resolveClass(Object(ReflectionParameter))
#11 D:/BS CS/BS COSC SEM 6/nike-laravel/nike-laravel/vendor/laravel/framework/src/Illuminate/Container/Container.php(943): Illuminate/Container/Container->resolveDependencies(Array)
#12 D:/BS CS/BS COSC SEM 6/nike-laravel/nike-laravel/vendor/laravel/framework/src/Illuminate/Container/Container.php(795): Illuminate/Container/Container->build('Illuminate//Cook...')
#13 D:/BS CS/BS COSC SEM 6/nike-laravel/nike-laravel/vendor/laravel/framework/src/Illuminate/Foundation/Application.php(986): Illuminate/Container/Container->resolve('Illuminate//Cook...', Array, true)
#14 D:/BS CS/BS COSC SEM 6/nike-laravel/nike-laravel/vendor/laravel/framework/src/Illuminate/Container/Container.php(731): Illuminate/Foundation/Application->resolve('Illuminate//Cook...', Array)
#15 D:/BS CS/BS COSC SEM 6/nike-laravel/nike-laravel/vendor/laravel/framework/src/Illuminate/Foundation/Application.php(971): Illuminate/Container/Container->make('Illuminate//Cook...', Array)
#16 D:/BS CS/BS COSC SEM 6/nike-laravel/nike-laravel/vendor/laravel/framework/src/Illuminate/Foundation/Http/Kernel.php(255): Illuminate/Foundation/Application->make('Illuminate//Cook...')
#17 D:/BS CS/BS COSC SEM 6/nike-laravel/nike-laravel/vendor/laravel/framework/src/Illuminate/Foundation/Http/Kernel.php(213): Illuminate/Foundation/Http/Kernel->terminateMiddleware(Object(Illuminate/Http/Request), Object(Illuminate/Http/Response))
#18 D:/BS CS/BS COSC SEM 6/nike-laravel/nike-laravel/public/index.php(29): Illuminate/Foundation/Http/Kernel->terminate(Object(Illuminate/Http/Request), Object(Illuminate/Http/Response))
#19 D:/BS CS/BS COSC SEM 6/nike-laravel/nike-laravel/vendor/laravel/framework/src/Illuminate/Foundation/resources/server.php(16): require_once('D://BS CS//BS COS...')
#20 {main}
"} 
[2026-05-01 00:08:10] local.ERROR: syntax error, unexpected identifier "ll", expecting ")" {"exception":"[object] (ParseError(code: 0): syntax error, unexpected identifier \"ll\", expecting \")\" at D:/BS CS/BS COSC SEM 6/nike-laravel/nike-laravel/app/Http/Controllers/ContactController.php:28)
[stacktrace]
#0 D:/BS CS/BS COSC SEM 6/nike-laravel/nike-laravel/vendor/composer/ClassLoader.php(427): Composer/Autoload/{closure}('D://BS CS//BS COS...')
#1 [internal function]: Composer/Autoload/ClassLoader->loadClass('App//Http//Contro...')
#2 D:/BS CS/BS COSC SEM 6/nike-laravel/nike-laravel/vendor/laravel/framework/src/Illuminate/Routing/Route.php(1096): is_a('App//Http//Contro...', 'Illuminate//Rout...', true)
#3 D:/BS CS/BS COSC SEM 6/nike-laravel/nike-laravel/vendor/laravel/framework/src/Illuminate/Routing/Route.php(1035): Illuminate/Routing/Route->controllerMiddleware()
#4 D:/BS CS/BS COSC SEM 6/nike-laravel/nike-laravel/vendor/laravel/framework/src/Illuminate/Routing/Router.php(818): Illuminate/Routing/Route->gatherMiddleware()
#5 D:/BS CS/BS COSC SEM 6/nike-laravel/nike-laravel/vendor/laravel/framework/src/Illuminate/Foundation/Console/RouteListCommand.php(201): Illuminate/Routing/Router->gatherRouteMiddleware(Object(Illuminate/Routing/Route))
#6 D:/BS CS/BS COSC SEM 6/nike-laravel/nike-laravel/vendor/laravel/framework/src/Illuminate/Foundation/Console/RouteListCommand.php(146): Illuminate/Foundation/Console/RouteListCommand->getMiddleware(Object(Illuminate/Routing/Route))
#7 D:/BS CS/BS COSC SEM 6/nike-laravel/nike-laravel/vendor/laravel/framework/src/Illuminate/Foundation/Console/RouteListCommand.php(116): Illuminate/Foundation/Console/RouteListCommand->getRouteInformation(Object(Illuminate/Routing/Route))
#8 [internal function]: Illuminate/Foundation/Console/RouteListCommand->Illuminate/Foundation/Console/{closure}(Object(Illuminate/Routing/Route), 15)
#9 D:/BS CS/BS COSC SEM 6/nike-laravel/nike-laravel/vendor/laravel/framework/src/Illuminate/Collections/Arr.php(600): array_map(Object(Closure), Array, Array)
#10 D:/BS CS/BS COSC SEM 6/nike-laravel/nike-laravel/vendor/laravel/framework/src/Illuminate/Collections/Collection.php(778): Illuminate/Support/Arr::map(Array, Object(Closure))
#11 D:/BS CS/BS COSC SEM 6/nike-laravel/nike-laravel/vendor/laravel/framework/src/Illuminate/Foundation/Console/RouteListCommand.php(115): Illuminate/Support/Collection->map(Object(Closure))
#12 D:/BS CS/BS COSC SEM 6/nike-laravel/nike-laravel/vendor/laravel/framework/src/Illuminate/Foundation/Console/RouteListCommand.php(101): Illuminate/Foundation/Console/RouteListCommand->getRoutes()
#13 D:/BS CS/BS COSC SEM 6/nike-laravel/nike-laravel/vendor/laravel/framework/src/Illuminate/Container/BoundMethod.php(36): Illuminate/Foundation/Console/RouteListCommand->handle()
#14 D:/BS CS/BS COSC SEM 6/nike-laravel/nike-laravel/vendor/laravel/framework/src/Illuminate/Container/Util.php(41): Illuminate/Container/BoundMethod::Illuminate/Container/{closure}()
#15 D:/BS CS/BS COSC SEM 6/nike-laravel/nike-laravel/vendor/laravel/framework/src/Illuminate/Container/BoundMethod.php(93): Illuminate/Container/Util::unwrapIfClosure(Object(Closure))
#16 D:/BS CS/BS COSC SEM 6/nike-laravel/nike-laravel/vendor/laravel/framework/src/Illuminate/Container/BoundMethod.php(35): Illuminate/Container/BoundMethod::callBoundMethod(Object(Illuminate/Foundation/Application), Array, Object(Closure))
#17 D:/BS CS/BS COSC SEM 6/nike-laravel/nike-laravel/vendor/laravel/framework/src/Illuminate/Container/Container.php(662): Illuminate/Container/BoundMethod::call(Object(Illuminate/Foundation/Application), Array, Array, NULL)
#18 D:/BS CS/BS COSC SEM 6/nike-laravel/nike-laravel/vendor/laravel/framework/src/Illuminate/Console/Command.php(211): Illuminate/Container/Container->call(Array)
#19 D:/BS CS/BS COSC SEM 6/nike-laravel/nike-laravel/vendor/symfony/console/Command/Command.php(326): Illuminate/Console/Command->execute(Object(Symfony/Component/Console/Input/ArgvInput), Object(Illuminate/Console/OutputStyle))
#20 D:/BS CS/BS COSC SEM 6/nike-laravel/nike-laravel/vendor/laravel/framework/src/Illuminate/Console/Command.php(180): Symfony/Component/Console/Command/Command->run(Object(Symfony/Component/Console/Input/ArgvInput), Object(Illuminate/Console/OutputStyle))
#21 D:/BS CS/BS COSC SEM 6/nike-laravel/nike-laravel/vendor/symfony/console/Application.php(1121): Illuminate/Console/Command->run(Object(Symfony/Component/Console/Input/ArgvInput), Object(Symfony/Component/Console/Output/ConsoleOutput))
#22 D:/BS CS/BS COSC SEM 6/nike-laravel/nike-laravel/vendor/symfony/console/Application.php(324): Symfony/Component/Console/Application->doRunCommand(Object(Illuminate/Foundation/Console/RouteListCommand), Object(Symfony/Component/Console/Input/ArgvInput), Object(Symfony/Component/Console/Output/ConsoleOutput))
#23 D:/BS CS/BS COSC SEM 6/nike-laravel/nike-laravel/vendor/symfony/console/Application.php(175): Symfony/Component/Console/Application->doRun(Object(Symfony/Component/Console/Input/ArgvInput), Object(Symfony/Component/Console/Output/ConsoleOutput))
#24 D:/BS CS/BS COSC SEM 6/nike-laravel/nike-laravel/vendor/laravel/framework/src/Illuminate/Foundation/Console/Kernel.php(201): Symfony/Component/Console/Application->run(Object(Symfony/Component/Console/Input/ArgvInput), Object(Symfony/Component/Console/Output/ConsoleOutput))
#25 D:/BS CS/BS COSC SEM 6/nike-laravel/nike-laravel/artisan(12): Illuminate/Foundation/Console/Kernel->handle(Object(Symfony/Component/Console/Input/ArgvInput), Object(Symfony/Component/Console/Output/ConsoleOutput))
#26 {main}
"} 
[2026-05-01 00:08:33] local.ERROR: syntax error, unexpected identifier "Delete", expecting ";" {"exception":"[object] (ParseError(code: 0): syntax error, unexpected identifier \"Delete\", expecting \";\" at D:/BS CS/BS COSC SEM 6/nike-laravel/nike-laravel/app/Http/Controllers/Admin/ProductController.php:21)
[stacktrace]
#0 D:/BS CS/BS COSC SEM 6/nike-laravel/nike-laravel/vendor/composer/ClassLoader.php(427): Composer/Autoload/{closure}('D://BS CS//BS COS...')
#1 [internal function]: Composer/Autoload/ClassLoader->loadClass('App//Http//Contro...')
#2 D:/BS CS/BS COSC SEM 6/nike-laravel/nike-laravel/vendor/laravel/framework/src/Illuminate/Routing/Route.php(1096): is_a('App//Http//Contro...', 'Illuminate//Rout...', true)
#3 D:/BS CS/BS COSC SEM 6/nike-laravel/nike-laravel/vendor/laravel/framework/src/Illuminate/Routing/Route.php(1035): Illuminate/Routing/Route->controllerMiddleware()
#4 D:/BS CS/BS COSC SEM 6/nike-laravel/nike-laravel/vendor/laravel/framework/src/Illuminate/Routing/Router.php(818): Illuminate/Routing/Route->gatherMiddleware()
#5 D:/BS CS/BS COSC SEM 6/nike-laravel/nike-laravel/vendor/laravel/framework/src/Illuminate/Foundation/Console/RouteListCommand.php(201): Illuminate/Routing/Router->gatherRouteMiddleware(Object(Illuminate/Routing/Route))
#6 D:/BS CS/BS COSC SEM 6/nike-laravel/nike-laravel/vendor/laravel/framework/src/Illuminate/Foundation/Console/RouteListCommand.php(146): Illuminate/Foundation/Console/RouteListCommand->getMiddleware(Object(Illuminate/Routing/Route))
#7 D:/BS CS/BS COSC SEM 6/nike-laravel/nike-laravel/vendor/laravel/framework/src/Illuminate/Foundation/Console/RouteListCommand.php(116): Illuminate/Foundation/Console/RouteListCommand->getRouteInformation(Object(Illuminate/Routing/Route))
#8 [internal function]: Illuminate/Foundation/Console/RouteListCommand->Illuminate/Foundation/Console/{closure}(Object(Illuminate/Routing/Route), 21)
#9 D:/BS CS/BS COSC SEM 6/nike-laravel/nike-laravel/vendor/laravel/framework/src/Illuminate/Collections/Arr.php(600): array_map(Object(Closure), Array, Array)
#10 D:/BS CS/BS COSC SEM 6/nike-laravel/nike-laravel/vendor/laravel/framework/src/Illuminate/Collections/Collection.php(778): Illuminate/Support/Arr::map(Array, Object(Closure))
#11 D:/BS CS/BS COSC SEM 6/nike-laravel/nike-laravel/vendor/laravel/framework/src/Illuminate/Foundation/Console/RouteListCommand.php(115): Illuminate/Support/Collection->map(Object(Closure))
#12 D:/BS CS/BS COSC SEM 6/nike-laravel/nike-laravel/vendor/laravel/framework/src/Illuminate/Foundation/Console/RouteListCommand.php(101): Illuminate/Foundation/Console/RouteListCommand->getRoutes()
#13 D:/BS CS/BS COSC SEM 6/nike-laravel/nike-laravel/vendor/laravel/framework/src/Illuminate/Container/BoundMethod.php(36): Illuminate/Foundation/Console/RouteListCommand->handle()
#14 D:/BS CS/BS COSC SEM 6/nike-laravel/nike-laravel/vendor/laravel/framework/src/Illuminate/Container/Util.php(41): Illuminate/Container/BoundMethod::Illuminate/Container/{closure}()
#15 D:/BS CS/BS COSC SEM 6/nike-laravel/nike-laravel/vendor/laravel/framework/src/Illuminate/Container/BoundMethod.php(93): Illuminate/Container/Util::unwrapIfClosure(Object(Closure))
#16 D:/BS CS/BS COSC SEM 6/nike-laravel/nike-laravel/vendor/laravel/framework/src/Illuminate/Container/BoundMethod.php(35): Illuminate/Container/BoundMethod::callBoundMethod(Object(Illuminate/Foundation/Application), Array, Object(Closure))
#17 D:/BS CS/BS COSC SEM 6/nike-laravel/nike-laravel/vendor/laravel/framework/src/Illuminate/Container/Container.php(662): Illuminate/Container/BoundMethod::call(Object(Illuminate/Foundation/Application), Array, Array, NULL)
#18 D:/BS CS/BS COSC SEM 6/nike-laravel/nike-laravel/vendor/laravel/framework/src/Illuminate/Console/Command.php(211): Illuminate/Container/Container->call(Array)
#19 D:/BS CS/BS COSC SEM 6/nike-laravel/nike-laravel/vendor/symfony/console/Command/Command.php(326): Illuminate/Console/Command->execute(Object(Symfony/Component/Console/Input/ArgvInput), Object(Illuminate/Console/OutputStyle))
#20 D:/BS CS/BS COSC SEM 6/nike-laravel/nike-laravel/vendor/laravel/framework/src/Illuminate/Console/Command.php(180): Symfony/Component/Console/Command/Command->run(Object(Symfony/Component/Console/Input/ArgvInput), Object(Illuminate/Console/OutputStyle))
#21 D:/BS CS/BS COSC SEM 6/nike-laravel/nike-laravel/vendor/symfony/console/Application.php(1121): Illuminate/Console/Command->run(Object(Symfony/Component/Console/Input/ArgvInput), Object(Symfony/Component/Console/Output/ConsoleOutput))
#22 D:/BS CS/BS COSC SEM 6/nike-laravel/nike-laravel/vendor/symfony/console/Application.php(324): Symfony/Component/Console/Application->doRunCommand(Object(Illuminate/Foundation/Console/RouteListCommand), Object(Symfony/Component/Console/Input/ArgvInput), Object(Symfony/Component/Console/Output/ConsoleOutput))
#23 D:/BS CS/BS COSC SEM 6/nike-laravel/nike-laravel/vendor/symfony/console/Application.php(175): Symfony/Component/Console/Application->doRun(Object(Symfony/Component/Console/Input/ArgvInput), Object(Symfony/Component/Console/Output/ConsoleOutput))
#24 D:/BS CS/BS COSC SEM 6/nike-laravel/nike-laravel/vendor/laravel/framework/src/Illuminate/Foundation/Console/Kernel.php(201): Symfony/Component/Console/Application->run(Object(Symfony/Component/Console/Input/ArgvInput), Object(Symfony/Component/Console/Output/ConsoleOutput))
#25 D:/BS CS/BS COSC SEM 6/nike-laravel/nike-laravel/artisan(12): Illuminate/Foundation/Console/Kernel->handle(Object(Symfony/Component/Console/Input/ArgvInput), Object(Symfony/Component/Console/Output/ConsoleOutput))
#26 {main}
"} 
[2026-05-01 00:10:05] local.ERROR: No application encryption key has been specified. {"exception":"[object] (Illuminate\\Encryption\\MissingAppKeyException(code: 0): No application encryption key has been specified. at D:/BS CS/BS COSC SEM 6/nike-laravel/nike-laravel/vendor/laravel/framework/src/Illuminate/Encryption/EncryptionServiceProvider.php:79)
[stacktrace]
#0 D:/BS CS/BS COSC SEM 6/nike-laravel/nike-laravel/vendor/laravel/framework/src/Illuminate/Support/helpers.php(320): Illuminate/Encryption/EncryptionServiceProvider->Illuminate/Encryption/{closure}('')
#1 D:/BS CS/BS COSC SEM 6/nike-laravel/nike-laravel/vendor/laravel/framework/src/Illuminate/Encryption/EncryptionServiceProvider.php(77): tap('', Object(Closure))
#2 D:/BS CS/BS COSC SEM 6/nike-laravel/nike-laravel/vendor/laravel/framework/src/Illuminate/Encryption/EncryptionServiceProvider.php(60): Illuminate/Encryption/EncryptionServiceProvider->key(Array)
#3 D:/BS CS/BS COSC SEM 6/nike-laravel/nike-laravel/vendor/laravel/framework/src/Illuminate/Encryption/EncryptionServiceProvider.php(32): Illuminate/Encryption/EncryptionServiceProvider->parseKey(Array)
#4 D:/BS CS/BS COSC SEM 6/nike-laravel/nike-laravel/vendor/laravel/framework/src/Illuminate/Container/Container.php(908): Illuminate/Encryption/EncryptionServiceProvider->Illuminate/Encryption/{closure}(Object(Illuminate/Foundation/Application), Array)
#5 D:/BS CS/BS COSC SEM 6/nike-laravel/nike-laravel/vendor/laravel/framework/src/Illuminate/Container/Container.php(795): Illuminate/Container/Container->build(Object(Closure))
#6 D:/BS CS/BS COSC SEM 6/nike-laravel/nike-laravel/vendor/laravel/framework/src/Illuminate/Foundation/Application.php(986): Illuminate/Container/Container->resolve('encrypter', Array, true)
#7 D:/BS CS/BS COSC SEM 6/nike-laravel/nike-laravel/vendor/laravel/framework/src/Illuminate/Container/Container.php(731): Illuminate/Foundation/Application->resolve('encrypter', Array)
#8 D:/BS CS/BS COSC SEM 6/nike-laravel/nike-laravel/vendor/laravel/framework/src/Illuminate/Foundation/Application.php(971): Illuminate/Container/Container->make('encrypter', Array)
#9 D:/BS CS/BS COSC SEM 6/nike-laravel/nike-laravel/vendor/laravel/framework/src/Illuminate/Container/Container.php(1066): Illuminate/Foundation/Application->make('encrypter')
#10 D:/BS CS/BS COSC SEM 6/nike-laravel/nike-laravel/vendor/laravel/framework/src/Illuminate/Container/Container.php(982): Illuminate/Container/Container->resolveClass(Object(ReflectionParameter))
#11 D:/BS CS/BS COSC SEM 6/nike-laravel/nike-laravel/vendor/laravel/framework/src/Illuminate/Container/Container.php(943): Illuminate/Container/Container->resolveDependencies(Array)
#12 D:/BS CS/BS COSC SEM 6/nike-laravel/nike-laravel/vendor/laravel/framework/src/Illuminate/Container/Container.php(795): Illuminate/Container/Container->build('Illuminate//Cook...')
#13 D:/BS CS/BS COSC SEM 6/nike-laravel/nike-laravel/vendor/laravel/framework/src/Illuminate/Foundation/Application.php(986): Illuminate/Container/Container->resolve('Illuminate//Cook...', Array, true)
#14 D:/BS CS/BS COSC SEM 6/nike-laravel/nike-laravel/vendor/laravel/framework/src/Illuminate/Container/Container.php(731): Illuminate/Foundation/Application->resolve('Illuminate//Cook...', Array)
#15 D:/BS CS/BS COSC SEM 6/nike-laravel/nike-laravel/vendor/laravel/framework/src/Illuminate/Foundation/Application.php(971): Illuminate/Container/Container->make('Illuminate//Cook...', Array)
#16 D:/BS CS/BS COSC SEM 6/nike-laravel/nike-laravel/vendor/laravel/framework/src/Illuminate/Pipeline/Pipeline.php(172): Illuminate/Foundation/Application->make('Illuminate//Cook...')
#17 D:/BS CS/BS COSC SEM 6/nike-laravel/nike-laravel/vendor/laravel/framework/src/Illuminate/Pipeline/Pipeline.php(119): Illuminate/Pipeline/Pipeline->Illuminate/Pipeline/{closure}(Object(Illuminate/Http/Request))
#18 D:/BS CS/BS COSC SEM 6/nike-laravel/nike-laravel/vendor/laravel/framework/src/Illuminate/Routing/Router.php(805): Illuminate/Pipeline/Pipeline->then(Object(Closure))
#19 D:/BS CS/BS COSC SEM 6/nike-laravel/nike-laravel/vendor/laravel/framework/src/Illuminate/Routing/Router.php(784): Illuminate/Routing/Router->runRouteWithinStack(Object(Illuminate/Routing/Route), Object(Illuminate/Http/Request))
#20 D:/BS CS/BS COSC SEM 6/nike-laravel/nike-laravel/vendor/laravel/framework/src/Illuminate/Routing/Router.php(748): Illuminate/Routing/Router->runRoute(Object(Illuminate/Http/Request), Object(Illuminate/Routing/Route))
#21 D:/BS CS/BS COSC SEM 6/nike-laravel/nike-laravel/vendor/laravel/framework/src/Illuminate/Routing/Router.php(737): Illuminate/Routing/Router->dispatchToRoute(Object(Illuminate/Http/Request))
#22 D:/BS CS/BS COSC SEM 6/nike-laravel/nike-laravel/vendor/laravel/framework/src/Illuminate/Foundation/Http/Kernel.php(200): Illuminate/Routing/Router->dispatch(Object(Illuminate/Http/Request))
#23 D:/BS CS/BS COSC SEM 6/nike-laravel/nike-laravel/vendor/laravel/framework/src/Illuminate/Pipeline/Pipeline.php(144): Illuminate/Foundation/Http/Kernel->Illuminate/Foundation/Http/{closure}(Object(Illuminate/Http/Request))
#24 D:/BS CS/BS COSC SEM 6/nike-laravel/nike-laravel/vendor/laravel/framework/src/Illuminate/Foundation/Http/Middleware/TransformsRequest.php(21): Illuminate/Pipeline/Pipeline->Illuminate/Pipeline/{closure}(Object(Illuminate/Http/Request))
#25 D:/BS CS/BS COSC SEM 6/nike-laravel/nike-laravel/vendor/laravel/framework/src/Illuminate/Foundation/Http/Middleware/ConvertEmptyStringsToNull.php(31): Illuminate/Foundation/Http/Middleware/TransformsRequest->handle(Object(Illuminate/Http/Request), Object(Closure))
#26 D:/BS CS/BS COSC SEM 6/nike-laravel/nike-laravel/vendor/laravel/framework/src/Illuminate/Pipeline/Pipeline.php(183): Illuminate/Foundation/Http/Middleware/ConvertEmptyStringsToNull->handle(Object(Illuminate/Http/Request), Object(Closure))
#27 D:/BS CS/BS COSC SEM 6/nike-laravel/nike-laravel/vendor/laravel/framework/src/Illuminate/Foundation/Http/Middleware/ValidatePostSize.php(27): Illuminate/Pipeline/Pipeline->Illuminate/Pipeline/{closure}(Object(Illuminate/Http/Request))
#28 D:/BS CS/BS COSC SEM 6/nike-laravel/nike-laravel/vendor/laravel/framework/src/Illuminate/Pipeline/Pipeline.php(183): Illuminate/Foundation/Http/Middleware/ValidatePostSize->handle(Object(Illuminate/Http/Request), Object(Closure))
#29 D:/BS CS/BS COSC SEM 6/nike-laravel/nike-laravel/vendor/laravel/framework/src/Illuminate/Foundation/Http/Middleware/PreventRequestsDuringMaintenance.php(99): Illuminate/Pipeline/Pipeline->Illuminate/Pipeline/{closure}(Object(Illuminate/Http/Request))
#30 D:/BS CS/BS COSC SEM 6/nike-laravel/nike-laravel/vendor/laravel/framework/src/Illuminate/Pipeline/Pipeline.php(183): Illuminate/Foundation/Http/Middleware/PreventRequestsDuringMaintenance->handle(Object(Illuminate/Http/Request), Object(Closure))
#31 D:/BS CS/BS COSC SEM 6/nike-laravel/nike-laravel/vendor/laravel/framework/src/Illuminate/Pipeline/Pipeline.php(119): Illuminate/Pipeline/Pipeline->Illuminate/Pipeline/{closure}(Object(Illuminate/Http/Request))
#32 D:/BS CS/BS COSC SEM 6/nike-laravel/nike-laravel/vendor/laravel/framework/src/Illuminate/Foundation/Http/Kernel.php(175): Illuminate/Pipeline/Pipeline->then(Object(Closure))
#33 D:/BS CS/BS COSC SEM 6/nike-laravel/nike-laravel/vendor/laravel/framework/src/Illuminate/Foundation/Http/Kernel.php(144): Illuminate/Foundation/Http/Kernel->sendRequestThroughRouter(Object(Illuminate/Http/Request))
#34 D:/BS CS/BS COSC SEM 6/nike-laravel/nike-laravel/public/index.php(23): Illuminate/Foundation/Http/Kernel->handle(Object(Illuminate/Http/Request))
#35 D:/BS CS/BS COSC SEM 6/nike-laravel/nike-laravel/vendor/laravel/framework/src/Illuminate/Foundation/resources/server.php(16): require_once('D://BS CS//BS COS...')
#36 {main}
"} 
[2026-05-01 00:10:05] local.ERROR: No application encryption key has been specified. {"exception":"[object] (Illuminate\\Encryption\\MissingAppKeyException(code: 0): No application encryption key has been specified. at D:/BS CS/BS COSC SEM 6/nike-laravel/nike-laravel/vendor/laravel/framework/src/Illuminate/Encryption/EncryptionServiceProvider.php:79)
[stacktrace]
#0 D:/BS CS/BS COSC SEM 6/nike-laravel/nike-laravel/vendor/laravel/framework/src/Illuminate/Support/helpers.php(320): Illuminate/Encryption/EncryptionServiceProvider->Illuminate/Encryption/{closure}('')
#1 D:/BS CS/BS COSC SEM 6/nike-laravel/nike-laravel/vendor/laravel/framework/src/Illuminate/Encryption/EncryptionServiceProvider.php(77): tap('', Object(Closure))
#2 D:/BS CS/BS COSC SEM 6/nike-laravel/nike-laravel/vendor/laravel/framework/src/Illuminate/Encryption/EncryptionServiceProvider.php(60): Illuminate/Encryption/EncryptionServiceProvider->key(Array)
#3 D:/BS CS/BS COSC SEM 6/nike-laravel/nike-laravel/vendor/laravel/framework/src/Illuminate/Encryption/EncryptionServiceProvider.php(32): Illuminate/Encryption/EncryptionServiceProvider->parseKey(Array)
#4 D:/BS CS/BS COSC SEM 6/nike-laravel/nike-laravel/vendor/laravel/framework/src/Illuminate/Container/Container.php(908): Illuminate/Encryption/EncryptionServiceProvider->Illuminate/Encryption/{closure}(Object(Illuminate/Foundation/Application), Array)
#5 D:/BS CS/BS COSC SEM 6/nike-laravel/nike-laravel/vendor/laravel/framework/src/Illuminate/Container/Container.php(795): Illuminate/Container/Container->build(Object(Closure))
#6 D:/BS CS/BS COSC SEM 6/nike-laravel/nike-laravel/vendor/laravel/framework/src/Illuminate/Foundation/Application.php(986): Illuminate/Container/Container->resolve('encrypter', Array, true)
#7 D:/BS CS/BS COSC SEM 6/nike-laravel/nike-laravel/vendor/laravel/framework/src/Illuminate/Container/Container.php(731): Illuminate/Foundation/Application->resolve('encrypter', Array)
#8 D:/BS CS/BS COSC SEM 6/nike-laravel/nike-laravel/vendor/laravel/framework/src/Illuminate/Foundation/Application.php(971): Illuminate/Container/Container->make('encrypter', Array)
#9 D:/BS CS/BS COSC SEM 6/nike-laravel/nike-laravel/vendor/laravel/framework/src/Illuminate/Container/Container.php(1066): Illuminate/Foundation/Application->make('encrypter')
#10 D:/BS CS/BS COSC SEM 6/nike-laravel/nike-laravel/vendor/laravel/framework/src/Illuminate/Container/Container.php(982): Illuminate/Container/Container->resolveClass(Object(ReflectionParameter))
#11 D:/BS CS/BS COSC SEM 6/nike-laravel/nike-laravel/vendor/laravel/framework/src/Illuminate/Container/Container.php(943): Illuminate/Container/Container->resolveDependencies(Array)
#12 D:/BS CS/BS COSC SEM 6/nike-laravel/nike-laravel/vendor/laravel/framework/src/Illuminate/Container/Container.php(795): Illuminate/Container/Container->build('Illuminate//Cook...')
#13 D:/BS CS/BS COSC SEM 6/nike-laravel/nike-laravel/vendor/laravel/framework/src/Illuminate/Foundation/Application.php(986): Illuminate/Container/Container->resolve('Illuminate//Cook...', Array, true)
#14 D:/BS CS/BS COSC SEM 6/nike-laravel/nike-laravel/vendor/laravel/framework/src/Illuminate/Container/Container.php(731): Illuminate/Foundation/Application->resolve('Illuminate//Cook...', Array)
#15 D:/BS CS/BS COSC SEM 6/nike-laravel/nike-laravel/vendor/laravel/framework/src/Illuminate/Foundation/Application.php(971): Illuminate/Container/Container->make('Illuminate//Cook...', Array)
#16 D:/BS CS/BS COSC SEM 6/nike-laravel/nike-laravel/vendor/laravel/framework/src/Illuminate/Foundation/Http/Kernel.php(255): Illuminate/Foundation/Application->make('Illuminate//Cook...')
#17 D:/BS CS/BS COSC SEM 6/nike-laravel/nike-laravel/vendor/laravel/framework/src/Illuminate/Foundation/Http/Kernel.php(213): Illuminate/Foundation/Http/Kernel->terminateMiddleware(Object(Illuminate/Http/Request), Object(Illuminate/Http/Response))
#18 D:/BS CS/BS COSC SEM 6/nike-laravel/nike-laravel/public/index.php(29): Illuminate/Foundation/Http/Kernel->terminate(Object(Illuminate/Http/Request), Object(Illuminate/Http/Response))
#19 D:/BS CS/BS COSC SEM 6/nike-laravel/nike-laravel/vendor/laravel/framework/src/Illuminate/Foundation/resources/server.php(16): require_once('D://BS CS//BS COS...')
#20 {main}
"} 
[2026-05-01 00:10:45] local.ERROR: SQLSTATE[HY000] [1049] Unknown database 'nike_pakistan' (Connection: mysql, SQL: select * from `products` where `stock` > 0 order by `created_at` desc limit 6) {"exception":"[object] (Illuminate\\Database\\QueryException(code: 1049): SQLSTATE[HY000] [1049] Unknown database 'nike_pakistan' (Connection: mysql, SQL: select * from `products` where `stock` > 0 order by `created_at` desc limit 6) at D:/BS CS/BS COSC SEM 6/nike-laravel/nike-laravel/vendor/laravel/framework/src/Illuminate/Database/Connection.php:829)
[stacktrace]
#0 D:/BS CS/BS COSC SEM 6/nike-laravel/nike-laravel/vendor/laravel/framework/src/Illuminate/Database/Connection.php(783): Illuminate/Database/Connection->runQueryCallback('select * from `...', Array, Object(Closure))
#1 D:/BS CS/BS COSC SEM 6/nike-laravel/nike-laravel/vendor/laravel/framework/src/Illuminate/Database/Connection.php(414): Illuminate/Database/Connection->run('select * from `...', Array, Object(Closure))
#2 D:/BS CS/BS COSC SEM 6/nike-laravel/nike-laravel/vendor/laravel/framework/src/Illuminate/Database/Query/Builder.php(2913): Illuminate/Database/Connection->select('select * from `...', Array, true)
#3 D:/BS CS/BS COSC SEM 6/nike-laravel/nike-laravel/vendor/laravel/framework/src/Illuminate/Database/Query/Builder.php(2902): Illuminate/Database/Query/Builder->runSelect()
#4 D:/BS CS/BS COSC SEM 6/nike-laravel/nike-laravel/vendor/laravel/framework/src/Illuminate/Database/Query/Builder.php(3456): Illuminate/Database/Query/Builder->Illuminate/Database/Query/{closure}()
#5 D:/BS CS/BS COSC SEM 6/nike-laravel/nike-laravel/vendor/laravel/framework/src/Illuminate/Database/Query/Builder.php(2901): Illuminate/Database/Query/Builder->onceWithColumns(Array, Object(Closure))
#6 D:/BS CS/BS COSC SEM 6/nike-laravel/nike-laravel/vendor/laravel/framework/src/Illuminate/Database/Eloquent/Builder.php(739): Illuminate/Database/Query/Builder->get(Array)
#7 D:/BS CS/BS COSC SEM 6/nike-laravel/nike-laravel/vendor/laravel/framework/src/Illuminate/Database/Eloquent/Builder.php(723): Illuminate/Database/Eloquent/Builder->getModels(Array)
#8 D:/BS CS/BS COSC SEM 6/nike-laravel/nike-laravel/app/Http/Controllers/ShopController.php(8): Illuminate/Database/Eloquent/Builder->get()
#9 D:/BS CS/BS COSC SEM 6/nike-laravel/nike-laravel/vendor/laravel/framework/src/Illuminate/Routing/Controller.php(54): App/Http/Controllers/ShopController->home()
#10 D:/BS CS/BS COSC SEM 6/nike-laravel/nike-laravel/vendor/laravel/framework/src/Illuminate/Routing/ControllerDispatcher.php(43): Illuminate/Routing/Controller->callAction('home', Array)
#11 D:/BS CS/BS COSC SEM 6/nike-laravel/nike-laravel/vendor/laravel/framework/src/Illuminate/Routing/Route.php(259): Illuminate/Routing/ControllerDispatcher->dispatch(Object(Illuminate/Routing/Route), Object(App/Http/Controllers/ShopController), 'home')
#12 D:/BS CS/BS COSC SEM 6/nike-laravel/nike-laravel/vendor/laravel/framework/src/Illuminate/Routing/Route.php(205): Illuminate/Routing/Route->runController()
#13 D:/BS CS/BS COSC SEM 6/nike-laravel/nike-laravel/vendor/laravel/framework/src/Illuminate/Routing/Router.php(806): Illuminate/Routing/Route->run()
#14 D:/BS CS/BS COSC SEM 6/nike-laravel/nike-laravel/vendor/laravel/framework/src/Illuminate/Pipeline/Pipeline.php(144): Illuminate/Routing/Router->Illuminate/Routing/{closure}(Object(Illuminate/Http/Request))
#15 D:/BS CS/BS COSC SEM 6/nike-laravel/nike-laravel/vendor/laravel/framework/src/Illuminate/Routing/Middleware/SubstituteBindings.php(50): Illuminate/Pipeline/Pipeline->Illuminate/Pipeline/{closure}(Object(Illuminate/Http/Request))
#16 D:/BS CS/BS COSC SEM 6/nike-laravel/nike-laravel/vendor/laravel/framework/src/Illuminate/Pipeline/Pipeline.php(183): Illuminate/Routing/Middleware/SubstituteBindings->handle(Object(Illuminate/Http/Request), Object(Closure))
#17 D:/BS CS/BS COSC SEM 6/nike-laravel/nike-laravel/vendor/laravel/framework/src/Illuminate/Foundation/Http/Middleware/VerifyCsrfToken.php(78): Illuminate/Pipeline/Pipeline->Illuminate/Pipeline/{closure}(Object(Illuminate/Http/Request))
#18 D:/BS CS/BS COSC SEM 6/nike-laravel/nike-laravel/vendor/laravel/framework/src/Illuminate/Pipeline/Pipeline.php(183): Illuminate/Foundation/Http/Middleware/VerifyCsrfToken->handle(Object(Illuminate/Http/Request), Object(Closure))
#19 D:/BS CS/BS COSC SEM 6/nike-laravel/nike-laravel/vendor/laravel/framework/src/Illuminate/View/Middleware/ShareErrorsFromSession.php(49): Illuminate/Pipeline/Pipeline->Illuminate/Pipeline/{closure}(Object(Illuminate/Http/Request))
#20 D:/BS CS/BS COSC SEM 6/nike-laravel/nike-laravel/vendor/laravel/framework/src/Illuminate/Pipeline/Pipeline.php(183): Illuminate/View/Middleware/ShareErrorsFromSession->handle(Object(Illuminate/Http/Request), Object(Closure))
#21 D:/BS CS/BS COSC SEM 6/nike-laravel/nike-laravel/vendor/laravel/framework/src/Illuminate/Session/Middleware/StartSession.php(121): Illuminate/Pipeline/Pipeline->Illuminate/Pipeline/{closure}(Object(Illuminate/Http/Request))
#22 D:/BS CS/BS COSC SEM 6/nike-laravel/nike-laravel/vendor/laravel/framework/src/Illuminate/Session/Middleware/StartSession.php(64): Illuminate/Session/Middleware/StartSession->handleStatefulRequest(Object(Illuminate/Http/Request), Object(Illuminate/Session/Store), Object(Closure))
#23 D:/BS CS/BS COSC SEM 6/nike-laravel/nike-laravel/vendor/laravel/framework/src/Illuminate/Pipeline/Pipeline.php(183): Illuminate/Session/Middleware/StartSession->handle(Object(Illuminate/Http/Request), Object(Closure))
#24 D:/BS CS/BS COSC SEM 6/nike-laravel/nike-laravel/vendor/laravel/framework/src/Illuminate/Cookie/Middleware/AddQueuedCookiesToResponse.php(37): Illuminate/Pipeline/Pipeline->Illuminate/Pipeline/{closure}(Object(Illuminate/Http/Request))
#25 D:/BS CS/BS COSC SEM 6/nike-laravel/nike-laravel/vendor/laravel/framework/src/Illuminate/Pipeline/Pipeline.php(183): Illuminate/Cookie/Middleware/AddQueuedCookiesToResponse->handle(Object(Illuminate/Http/Request), Object(Closure))
#26 D:/BS CS/BS COSC SEM 6/nike-laravel/nike-laravel/vendor/laravel/framework/src/Illuminate/Cookie/Middleware/EncryptCookies.php(67): Illuminate/Pipeline/Pipeline->Illuminate/Pipeline/{closure}(Object(Illuminate/Http/Request))
#27 D:/BS CS/BS COSC SEM 6/nike-laravel/nike-laravel/vendor/laravel/framework/src/Illuminate/Pipeline/Pipeline.php(183): Illuminate/Cookie/Middleware/EncryptCookies->handle(Object(Illuminate/Http/Request), Object(Closure))
#28 D:/BS CS/BS COSC SEM 6/nike-laravel/nike-laravel/vendor/laravel/framework/src/Illuminate/Pipeline/Pipeline.php(119): Illuminate/Pipeline/Pipeline->Illuminate/Pipeline/{closure}(Object(Illuminate/Http/Request))
#29 D:/BS CS/BS COSC SEM 6/nike-laravel/nike-laravel/vendor/laravel/framework/src/Illuminate/Routing/Router.php(805): Illuminate/Pipeline/Pipeline->then(Object(Closure))
#30 D:/BS CS/BS COSC SEM 6/nike-laravel/nike-laravel/vendor/laravel/framework/src/Illuminate/Routing/Router.php(784): Illuminate/Routing/Router->runRouteWithinStack(Object(Illuminate/Routing/Route), Object(Illuminate/Http/Request))
#31 D:/BS CS/BS COSC SEM 6/nike-laravel/nike-laravel/vendor/laravel/framework/src/Illuminate/Routing/Router.php(748): Illuminate/Routing/Router->runRoute(Object(Illuminate/Http/Request), Object(Illuminate/Routing/Route))
#32 D:/BS CS/BS COSC SEM 6/nike-laravel/nike-laravel/vendor/laravel/framework/src/Illuminate/Routing/Router.php(737): Illuminate/Routing/Router->dispatchToRoute(Object(Illuminate/Http/Request))
#33 D:/BS CS/BS COSC SEM 6/nike-laravel/nike-laravel/vendor/laravel/framework/src/Illuminate/Foundation/Http/Kernel.php(200): Illuminate/Routing/Router->dispatch(Object(Illuminate/Http/Request))
#34 D:/BS CS/BS COSC SEM 6/nike-laravel/nike-laravel/vendor/laravel/framework/src/Illuminate/Pipeline/Pipeline.php(144): Illuminate/Foundation/Http/Kernel->Illuminate/Foundation/Http/{closure}(Object(Illuminate/Http/Request))
#35 D:/BS CS/BS COSC SEM 6/nike-laravel/nike-laravel/vendor/laravel/framework/src/Illuminate/Foundation/Http/Middleware/TransformsRequest.php(21): Illuminate/Pipeline/Pipeline->Illuminate/Pipeline/{closure}(Object(Illuminate/Http/Request))
#36 D:/BS CS/BS COSC SEM 6/nike-laravel/nike-laravel/vendor/laravel/framework/src/Illuminate/Foundation/Http/Middleware/ConvertEmptyStringsToNull.php(31): Illuminate/Foundation/Http/Middleware/TransformsRequest->handle(Object(Illuminate/Http/Request), Object(Closure))
#37 D:/BS CS/BS COSC SEM 6/nike-laravel/nike-laravel/vendor/laravel/framework/src/Illuminate/Pipeline/Pipeline.php(183): Illuminate/Foundation/Http/Middleware/ConvertEmptyStringsToNull->handle(Object(Illuminate/Http/Request), Object(Closure))
#38 D:/BS CS/BS COSC SEM 6/nike-laravel/nike-laravel/vendor/laravel/framework/src/Illuminate/Foundation/Http/Middleware/ValidatePostSize.php(27): Illuminate/Pipeline/Pipeline->Illuminate/Pipeline/{closure}(Object(Illuminate/Http/Request))
#39 D:/BS CS/BS COSC SEM 6/nike-laravel/nike-laravel/vendor/laravel/framework/src/Illuminate/Pipeline/Pipeline.php(183): Illuminate/Foundation/Http/Middleware/ValidatePostSize->handle(Object(Illuminate/Http/Request), Object(Closure))
#40 D:/BS CS/BS COSC SEM 6/nike-laravel/nike-laravel/vendor/laravel/framework/src/Illuminate/Foundation/Http/Middleware/PreventRequestsDuringMaintenance.php(99): Illuminate/Pipeline/Pipeline->Illuminate/Pipeline/{closure}(Object(Illuminate/Http/Request))
#41 D:/BS CS/BS COSC SEM 6/nike-laravel/nike-laravel/vendor/laravel/framework/src/Illuminate/Pipeline/Pipeline.php(183): Illuminate/Foundation/Http/Middleware/PreventRequestsDuringMaintenance->handle(Object(Illuminate/Http/Request), Object(Closure))
#42 D:/BS CS/BS COSC SEM 6/nike-laravel/nike-laravel/vendor/laravel/framework/src/Illuminate/Pipeline/Pipeline.php(119): Illuminate/Pipeline/Pipeline->Illuminate/Pipeline/{closure}(Object(Illuminate/Http/Request))
#43 D:/BS CS/BS COSC SEM 6/nike-laravel/nike-laravel/vendor/laravel/framework/src/Illuminate/Foundation/Http/Kernel.php(175): Illuminate/Pipeline/Pipeline->then(Object(Closure))
#44 D:/BS CS/BS COSC SEM 6/nike-laravel/nike-laravel/vendor/laravel/framework/src/Illuminate/Foundation/Http/Kernel.php(144): Illuminate/Foundation/Http/Kernel->sendRequestThroughRouter(Object(Illuminate/Http/Request))
#45 D:/BS CS/BS COSC SEM 6/nike-laravel/nike-laravel/public/index.php(23): Illuminate/Foundation/Http/Kernel->handle(Object(Illuminate/Http/Request))
#46 D:/BS CS/BS COSC SEM 6/nike-laravel/nike-laravel/vendor/laravel/framework/src/Illuminate/Foundation/resources/server.php(16): require_once('D://BS CS//BS COS...')
#47 {main}

[previous exception] [object] (PDOException(code: 1049): SQLSTATE[HY000] [1049] Unknown database 'nike_pakistan' at D:/BS CS/BS COSC SEM 6/nike-laravel/nike-laravel/vendor/laravel/framework/src/Illuminate/Database/Connectors/Connector.php:65)
[stacktrace]
#0 D:/BS CS/BS COSC SEM 6/nike-laravel/nike-laravel/vendor/laravel/framework/src/Illuminate/Database/Connectors/Connector.php(65): PDO->__construct('mysql:host=127....', 'root', Object(SensitiveParameterValue), Array)
#1 D:/BS CS/BS COSC SEM 6/nike-laravel/nike-laravel/vendor/laravel/framework/src/Illuminate/Database/Connectors/Connector.php(44): Illuminate/Database/Connectors/Connector->createPdoConnection('mysql:host=127....', 'root', '', Array)
#2 D:/BS CS/BS COSC SEM 6/nike-laravel/nike-laravel/vendor/laravel/framework/src/Illuminate/Database/Connectors/MySqlConnector.php(24): Illuminate/Database/Connectors/Connector->createConnection('mysql:host=127....', Array, Array)
#3 D:/BS CS/BS COSC SEM 6/nike-laravel/nike-laravel/vendor/laravel/framework/src/Illuminate/Database/Connectors/ConnectionFactory.php(184): Illuminate/Database/Connectors/MySqlConnector->connect(Array)
#4 [internal function]: Illuminate/Database/Connectors/ConnectionFactory->Illuminate/Database/Connectors/{closure}()
#5 D:/BS CS/BS COSC SEM 6/nike-laravel/nike-laravel/vendor/laravel/framework/src/Illuminate/Database/Connection.php(1339): call_user_func(Object(Closure))
#6 D:/BS CS/BS COSC SEM 6/nike-laravel/nike-laravel/vendor/laravel/framework/src/Illuminate/Database/Connection.php(1375): Illuminate/Database/Connection->getPdo()
#7 D:/BS CS/BS COSC SEM 6/nike-laravel/nike-laravel/vendor/laravel/framework/src/Illuminate/Database/Connection.php(528): Illuminate/Database/Connection->getReadPdo()
#8 D:/BS CS/BS COSC SEM 6/nike-laravel/nike-laravel/vendor/laravel/framework/src/Illuminate/Database/Connection.php(423): Illuminate/Database/Connection->getPdoForSelect(true)
#9 D:/BS CS/BS COSC SEM 6/nike-laravel/nike-laravel/vendor/laravel/framework/src/Illuminate/Database/Connection.php(816): Illuminate/Database/Connection->Illuminate/Database/{closure}('select * from `...', Array)
#10 D:/BS CS/BS COSC SEM 6/nike-laravel/nike-laravel/vendor/laravel/framework/src/Illuminate/Database/Connection.php(783): Illuminate/Database/Connection->runQueryCallback('select * from `...', Array, Object(Closure))
#11 D:/BS CS/BS COSC SEM 6/nike-laravel/nike-laravel/vendor/laravel/framework/src/Illuminate/Database/Connection.php(414): Illuminate/Database/Connection->run('select * from `...', Array, Object(Closure))
#12 D:/BS CS/BS COSC SEM 6/nike-laravel/nike-laravel/vendor/laravel/framework/src/Illuminate/Database/Query/Builder.php(2913): Illuminate/Database/Connection->select('select * from `...', Array, true)
#13 D:/BS CS/BS COSC SEM 6/nike-laravel/nike-laravel/vendor/laravel/framework/src/Illuminate/Database/Query/Builder.php(2902): Illuminate/Database/Query/Builder->runSelect()
#14 D:/BS CS/BS COSC SEM 6/nike-laravel/nike-laravel/vendor/laravel/framework/src/Illuminate/Database/Query/Builder.php(3456): Illuminate/Database/Query/Builder->Illuminate/Database/Query/{closure}()
#15 D:/BS CS/BS COSC SEM 6/nike-laravel/nike-laravel/vendor/laravel/framework/src/Illuminate/Database/Query/Builder.php(2901): Illuminate/Database/Query/Builder->onceWithColumns(Array, Object(Closure))
#16 D:/BS CS/BS COSC SEM 6/nike-laravel/nike-laravel/vendor/laravel/framework/src/Illuminate/Database/Eloquent/Builder.php(739): Illuminate/Database/Query/Builder->get(Array)
#17 D:/BS CS/BS COSC SEM 6/nike-laravel/nike-laravel/vendor/laravel/framework/src/Illuminate/Database/Eloquent/Builder.php(723): Illuminate/Database/Eloquent/Builder->getModels(Array)
#18 D:/BS CS/BS COSC SEM 6/nike-laravel/nike-laravel/app/Http/Controllers/ShopController.php(8): Illuminate/Database/Eloquent/Builder->get()
#19 D:/BS CS/BS COSC SEM 6/nike-laravel/nike-laravel/vendor/laravel/framework/src/Illuminate/Routing/Controller.php(54): App/Http/Controllers/ShopController->home()
#20 D:/BS CS/BS COSC SEM 6/nike-laravel/nike-laravel/vendor/laravel/framework/src/Illuminate/Routing/ControllerDispatcher.php(43): Illuminate/Routing/Controller->callAction('home', Array)
#21 D:/BS CS/BS COSC SEM 6/nike-laravel/nike-laravel/vendor/laravel/framework/src/Illuminate/Routing/Route.php(259): Illuminate/Routing/ControllerDispatcher->dispatch(Object(Illuminate/Routing/Route), Object(App/Http/Controllers/ShopController), 'home')
#22 D:/BS CS/BS COSC SEM 6/nike-laravel/nike-laravel/vendor/laravel/framework/src/Illuminate/Routing/Route.php(205): Illuminate/Routing/Route->runController()
#23 D:/BS CS/BS COSC SEM 6/nike-laravel/nike-laravel/vendor/laravel/framework/src/Illuminate/Routing/Router.php(806): Illuminate/Routing/Route->run()
#24 D:/BS CS/BS COSC SEM 6/nike-laravel/nike-laravel/vendor/laravel/framework/src/Illuminate/Pipeline/Pipeline.php(144): Illuminate/Routing/Router->Illuminate/Routing/{closure}(Object(Illuminate/Http/Request))
#25 D:/BS CS/BS COSC SEM 6/nike-laravel/nike-laravel/vendor/laravel/framework/src/Illuminate/Routing/Middleware/SubstituteBindings.php(50): Illuminate/Pipeline/Pipeline->Illuminate/Pipeline/{closure}(Object(Illuminate/Http/Request))
#26 D:/BS CS/BS COSC SEM 6/nike-laravel/nike-laravel/vendor/laravel/framework/src/Illuminate/Pipeline/Pipeline.php(183): Illuminate/Routing/Middleware/SubstituteBindings->handle(Object(Illuminate/Http/Request), Object(Closure))
#27 D:/BS CS/BS COSC SEM 6/nike-laravel/nike-laravel/vendor/laravel/framework/src/Illuminate/Foundation/Http/Middleware/VerifyCsrfToken.php(78): Illuminate/Pipeline/Pipeline->Illuminate/Pipeline/{closure}(Object(Illuminate/Http/Request))
#28 D:/BS CS/BS COSC SEM 6/nike-laravel/nike-laravel/vendor/laravel/framework/src/Illuminate/Pipeline/Pipeline.php(183): Illuminate/Foundation/Http/Middleware/VerifyCsrfToken->handle(Object(Illuminate/Http/Request), Object(Closure))
#29 D:/BS CS/BS COSC SEM 6/nike-laravel/nike-laravel/vendor/laravel/framework/src/Illuminate/View/Middleware/ShareErrorsFromSession.php(49): Illuminate/Pipeline/Pipeline->Illuminate/Pipeline/{closure}(Object(Illuminate/Http/Request))
#30 D:/BS CS/BS COSC SEM 6/nike-laravel/nike-laravel/vendor/laravel/framework/src/Illuminate/Pipeline/Pipeline.php(183): Illuminate/View/Middleware/ShareErrorsFromSession->handle(Object(Illuminate/Http/Request), Object(Closure))
#31 D:/BS CS/BS COSC SEM 6/nike-laravel/nike-laravel/vendor/laravel/framework/src/Illuminate/Session/Middleware/StartSession.php(121): Illuminate/Pipeline/Pipeline->Illuminate/Pipeline/{closure}(Object(Illuminate/Http/Request))
#32 D:/BS CS/BS COSC SEM 6/nike-laravel/nike-laravel/vendor/laravel/framework/src/Illuminate/Session/Middleware/StartSession.php(64): Illuminate/Session/Middleware/StartSession->handleStatefulRequest(Object(Illuminate/Http/Request), Object(Illuminate/Session/Store), Object(Closure))
#33 D:/BS CS/BS COSC SEM 6/nike-laravel/nike-laravel/vendor/laravel/framework/src/Illuminate/Pipeline/Pipeline.php(183): Illuminate/Session/Middleware/StartSession->handle(Object(Illuminate/Http/Request), Object(Closure))
#34 D:/BS CS/BS COSC SEM 6/nike-laravel/nike-laravel/vendor/laravel/framework/src/Illuminate/Cookie/Middleware/AddQueuedCookiesToResponse.php(37): Illuminate/Pipeline/Pipeline->Illuminate/Pipeline/{closure}(Object(Illuminate/Http/Request))
#35 D:/BS CS/BS COSC SEM 6/nike-laravel/nike-laravel/vendor/laravel/framework/src/Illuminate/Pipeline/Pipeline.php(183): Illuminate/Cookie/Middleware/AddQueuedCookiesToResponse->handle(Object(Illuminate/Http/Request), Object(Closure))
#36 D:/BS CS/BS COSC SEM 6/nike-laravel/nike-laravel/vendor/laravel/framework/src/Illuminate/Cookie/Middleware/EncryptCookies.php(67): Illuminate/Pipeline/Pipeline->Illuminate/Pipeline/{closure}(Object(Illuminate/Http/Request))
#37 D:/BS CS/BS COSC SEM 6/nike-laravel/nike-laravel/vendor/laravel/framework/src/Illuminate/Pipeline/Pipeline.php(183): Illuminate/Cookie/Middleware/EncryptCookies->handle(Object(Illuminate/Http/Request), Object(Closure))
#38 D:/BS CS/BS COSC SEM 6/nike-laravel/nike-laravel/vendor/laravel/framework/src/Illuminate/Pipeline/Pipeline.php(119): Illuminate/Pipeline/Pipeline->Illuminate/Pipeline/{closure}(Object(Illuminate/Http/Request))
#39 D:/BS CS/BS COSC SEM 6/nike-laravel/nike-laravel/vendor/laravel/framework/src/Illuminate/Routing/Router.php(805): Illuminate/Pipeline/Pipeline->then(Object(Closure))
#40 D:/BS CS/BS COSC SEM 6/nike-laravel/nike-laravel/vendor/laravel/framework/src/Illuminate/Routing/Router.php(784): Illuminate/Routing/Router->runRouteWithinStack(Object(Illuminate/Routing/Route), Object(Illuminate/Http/Request))
#41 D:/BS CS/BS COSC SEM 6/nike-laravel/nike-laravel/vendor/laravel/framework/src/Illuminate/Routing/Router.php(748): Illuminate/Routing/Router->runRoute(Object(Illuminate/Http/Request), Object(Illuminate/Routing/Route))
#42 D:/BS CS/BS COSC SEM 6/nike-laravel/nike-laravel/vendor/laravel/framework/src/Illuminate/Routing/Router.php(737): Illuminate/Routing/Router->dispatchToRoute(Object(Illuminate/Http/Request))
#43 D:/BS CS/BS COSC SEM 6/nike-laravel/nike-laravel/vendor/laravel/framework/src/Illuminate/Foundation/Http/Kernel.php(200): Illuminate/Routing/Router->dispatch(Object(Illuminate/Http/Request))
#44 D:/BS CS/BS COSC SEM 6/nike-laravel/nike-laravel/vendor/laravel/framework/src/Illuminate/Pipeline/Pipeline.php(144): Illuminate/Foundation/Http/Kernel->Illuminate/Foundation/Http/{closure}(Object(Illuminate/Http/Request))
#45 D:/BS CS/BS COSC SEM 6/nike-laravel/nike-laravel/vendor/laravel/framework/src/Illuminate/Foundation/Http/Middleware/TransformsRequest.php(21): Illuminate/Pipeline/Pipeline->Illuminate/Pipeline/{closure}(Object(Illuminate/Http/Request))
#46 D:/BS CS/BS COSC SEM 6/nike-laravel/nike-laravel/vendor/laravel/framework/src/Illuminate/Foundation/Http/Middleware/ConvertEmptyStringsToNull.php(31): Illuminate/Foundation/Http/Middleware/TransformsRequest->handle(Object(Illuminate/Http/Request), Object(Closure))
#47 D:/BS CS/BS COSC SEM 6/nike-laravel/nike-laravel/vendor/laravel/framework/src/Illuminate/Pipeline/Pipeline.php(183): Illuminate/Foundation/Http/Middleware/ConvertEmptyStringsToNull->handle(Object(Illuminate/Http/Request), Object(Closure))
#48 D:/BS CS/BS COSC SEM 6/nike-laravel/nike-laravel/vendor/laravel/framework/src/Illuminate/Foundation/Http/Middleware/ValidatePostSize.php(27): Illuminate/Pipeline/Pipeline->Illuminate/Pipeline/{closure}(Object(Illuminate/Http/Request))
#49 D:/BS CS/BS COSC SEM 6/nike-laravel/nike-laravel/vendor/laravel/framework/src/Illuminate/Pipeline/Pipeline.php(183): Illuminate/Foundation/Http/Middleware/ValidatePostSize->handle(Object(Illuminate/Http/Request), Object(Closure))
#50 D:/BS CS/BS COSC SEM 6/nike-laravel/nike-laravel/vendor/laravel/framework/src/Illuminate/Foundation/Http/Middleware/PreventRequestsDuringMaintenance.php(99): Illuminate/Pipeline/Pipeline->Illuminate/Pipeline/{closure}(Object(Illuminate/Http/Request))
#51 D:/BS CS/BS COSC SEM 6/nike-laravel/nike-laravel/vendor/laravel/framework/src/Illuminate/Pipeline/Pipeline.php(183): Illuminate/Foundation/Http/Middleware/PreventRequestsDuringMaintenance->handle(Object(Illuminate/Http/Request), Object(Closure))
#52 D:/BS CS/BS COSC SEM 6/nike-laravel/nike-laravel/vendor/laravel/framework/src/Illuminate/Pipeline/Pipeline.php(119): Illuminate/Pipeline/Pipeline->Illuminate/Pipeline/{closure}(Object(Illuminate/Http/Request))
#53 D:/BS CS/BS COSC SEM 6/nike-laravel/nike-laravel/vendor/laravel/framework/src/Illuminate/Foundation/Http/Kernel.php(175): Illuminate/Pipeline/Pipeline->then(Object(Closure))
#54 D:/BS CS/BS COSC SEM 6/nike-laravel/nike-laravel/vendor/laravel/framework/src/Illuminate/Foundation/Http/Kernel.php(144): Illuminate/Foundation/Http/Kernel->sendRequestThroughRouter(Object(Illuminate/Http/Request))
#55 D:/BS CS/BS COSC SEM 6/nike-laravel/nike-laravel/public/index.php(23): Illuminate/Foundation/Http/Kernel->handle(Object(Illuminate/Http/Request))
#56 D:/BS CS/BS COSC SEM 6/nike-laravel/nike-laravel/vendor/laravel/framework/src/Illuminate/Foundation/resources/server.php(16): require_once('D://BS CS//BS COS...')
#57 {main}
"} 
[2026-05-01 00:12:48] local.ERROR: Database file at path [database] does not exist. Ensure this is an absolute path to the database. (Connection: sqlite, SQL: PRAGMA foreign_keys = ON;) {"exception":"[object] (Illuminate\\Database\\QueryException(code: 0): Database file at path [database] does not exist. Ensure this is an absolute path to the database. (Connection: sqlite, SQL: PRAGMA foreign_keys = ON;) at D:/BS CS/BS COSC SEM 6/nike-laravel/nike-laravel/vendor/laravel/framework/src/Illuminate/Database/Connection.php:829)
[stacktrace]
#0 D:/BS CS/BS COSC SEM 6/nike-laravel/nike-laravel/vendor/laravel/framework/src/Illuminate/Database/Connection.php(783): Illuminate/Database/Connection->runQueryCallback('PRAGMA foreign_...', Array, Object(Closure))
#1 D:/BS CS/BS COSC SEM 6/nike-laravel/nike-laravel/vendor/laravel/framework/src/Illuminate/Database/Connection.php(576): Illuminate/Database/Connection->run('PRAGMA foreign_...', Array, Object(Closure))
#2 D:/BS CS/BS COSC SEM 6/nike-laravel/nike-laravel/vendor/laravel/framework/src/Illuminate/Database/Schema/Builder.php(560): Illuminate/Database/Connection->statement('PRAGMA foreign_...')
#3 D:/BS CS/BS COSC SEM 6/nike-laravel/nike-laravel/vendor/laravel/framework/src/Illuminate/Database/SQLiteConnection.php(36): Illuminate/Database/Schema/Builder->enableForeignKeyConstraints()
#4 D:/BS CS/BS COSC SEM 6/nike-laravel/nike-laravel/vendor/laravel/framework/src/Illuminate/Database/Connectors/ConnectionFactory.php(272): Illuminate/Database/SQLiteConnection->__construct(Object(Closure), 'database', '', Array)
#5 D:/BS CS/BS COSC SEM 6/nike-laravel/nike-laravel/vendor/laravel/framework/src/Illuminate/Database/Connectors/ConnectionFactory.php(75): Illuminate/Database/Connectors/ConnectionFactory->createConnection('sqlite', Object(Closure), 'database', '', Array)
#6 D:/BS CS/BS COSC SEM 6/nike-laravel/nike-laravel/vendor/laravel/framework/src/Illuminate/Database/Connectors/ConnectionFactory.php(50): Illuminate/Database/Connectors/ConnectionFactory->createSingleConnection(Array)
#7 D:/BS CS/BS COSC SEM 6/nike-laravel/nike-laravel/vendor/laravel/framework/src/Illuminate/Database/DatabaseManager.php(175): Illuminate/Database/Connectors/ConnectionFactory->make(Array, 'sqlite')
#8 D:/BS CS/BS COSC SEM 6/nike-laravel/nike-laravel/vendor/laravel/framework/src/Illuminate/Database/DatabaseManager.php(101): Illuminate/Database/DatabaseManager->makeConnection('sqlite')
#9 D:/BS CS/BS COSC SEM 6/nike-laravel/nike-laravel/vendor/laravel/framework/src/Illuminate/Database/Eloquent/Model.php(1820): Illuminate/Database/DatabaseManager->connection('sqlite')
#10 D:/BS CS/BS COSC SEM 6/nike-laravel/nike-laravel/vendor/laravel/framework/src/Illuminate/Database/Eloquent/Model.php(1786): Illuminate/Database/Eloquent/Model::resolveConnection(NULL)
#11 D:/BS CS/BS COSC SEM 6/nike-laravel/nike-laravel/vendor/laravel/framework/src/Illuminate/Database/Eloquent/Model.php(1577): Illuminate/Database/Eloquent/Model->getConnection()
#12 D:/BS CS/BS COSC SEM 6/nike-laravel/nike-laravel/vendor/laravel/framework/src/Illuminate/Database/Eloquent/Model.php(1496): Illuminate/Database/Eloquent/Model->newBaseQueryBuilder()
#13 D:/BS CS/BS COSC SEM 6/nike-laravel/nike-laravel/vendor/laravel/framework/src/Illuminate/Database/Eloquent/Model.php(1532): Illuminate/Database/Eloquent/Model->newModelQuery()
#14 D:/BS CS/BS COSC SEM 6/nike-laravel/nike-laravel/vendor/laravel/framework/src/Illuminate/Database/Eloquent/Model.php(1485): Illuminate/Database/Eloquent/Model->newQueryWithoutScopes()
#15 D:/BS CS/BS COSC SEM 6/nike-laravel/nike-laravel/vendor/laravel/framework/src/Illuminate/Database/Eloquent/Model.php(2335): Illuminate/Database/Eloquent/Model->newQuery()
#16 D:/BS CS/BS COSC SEM 6/nike-laravel/nike-laravel/vendor/laravel/framework/src/Illuminate/Database/Eloquent/Model.php(2347): Illuminate/Database/Eloquent/Model->__call('inStock', Array)
#17 D:/BS CS/BS COSC SEM 6/nike-laravel/nike-laravel/app/Http/Controllers/ShopController.php(8): Illuminate/Database/Eloquent/Model::__callStatic('inStock', Array)
#18 D:/BS CS/BS COSC SEM 6/nike-laravel/nike-laravel/vendor/laravel/framework/src/Illuminate/Routing/Controller.php(54): App/Http/Controllers/ShopController->home()
#19 D:/BS CS/BS COSC SEM 6/nike-laravel/nike-laravel/vendor/laravel/framework/src/Illuminate/Routing/ControllerDispatcher.php(43): Illuminate/Routing/Controller->callAction('home', Array)
#20 D:/BS CS/BS COSC SEM 6/nike-laravel/nike-laravel/vendor/laravel/framework/src/Illuminate/Routing/Route.php(259): Illuminate/Routing/ControllerDispatcher->dispatch(Object(Illuminate/Routing/Route), Object(App/Http/Controllers/ShopController), 'home')
#21 D:/BS CS/BS COSC SEM 6/nike-laravel/nike-laravel/vendor/laravel/framework/src/Illuminate/Routing/Route.php(205): Illuminate/Routing/Route->runController()
#22 D:/BS CS/BS COSC SEM 6/nike-laravel/nike-laravel/vendor/laravel/framework/src/Illuminate/Routing/Router.php(806): Illuminate/Routing/Route->run()
#23 D:/BS CS/BS COSC SEM 6/nike-laravel/nike-laravel/vendor/laravel/framework/src/Illuminate/Pipeline/Pipeline.php(144): Illuminate/Routing/Router->Illuminate/Routing/{closure}(Object(Illuminate/Http/Request))
#24 D:/BS CS/BS COSC SEM 6/nike-laravel/nike-laravel/vendor/laravel/framework/src/Illuminate/Routing/Middleware/SubstituteBindings.php(50): Illuminate/Pipeline/Pipeline->Illuminate/Pipeline/{closure}(Object(Illuminate/Http/Request))
#25 D:/BS CS/BS COSC SEM 6/nike-laravel/nike-laravel/vendor/laravel/framework/src/Illuminate/Pipeline/Pipeline.php(183): Illuminate/Routing/Middleware/SubstituteBindings->handle(Object(Illuminate/Http/Request), Object(Closure))
#26 D:/BS CS/BS COSC SEM 6/nike-laravel/nike-laravel/vendor/laravel/framework/src/Illuminate/Foundation/Http/Middleware/VerifyCsrfToken.php(78): Illuminate/Pipeline/Pipeline->Illuminate/Pipeline/{closure}(Object(Illuminate/Http/Request))
#27 D:/BS CS/BS COSC SEM 6/nike-laravel/nike-laravel/vendor/laravel/framework/src/Illuminate/Pipeline/Pipeline.php(183): Illuminate/Foundation/Http/Middleware/VerifyCsrfToken->handle(Object(Illuminate/Http/Request), Object(Closure))
#28 D:/BS CS/BS COSC SEM 6/nike-laravel/nike-laravel/vendor/laravel/framework/src/Illuminate/View/Middleware/ShareErrorsFromSession.php(49): Illuminate/Pipeline/Pipeline->Illuminate/Pipeline/{closure}(Object(Illuminate/Http/Request))
#29 D:/BS CS/BS COSC SEM 6/nike-laravel/nike-laravel/vendor/laravel/framework/src/Illuminate/Pipeline/Pipeline.php(183): Illuminate/View/Middleware/ShareErrorsFromSession->handle(Object(Illuminate/Http/Request), Object(Closure))
#30 D:/BS CS/BS COSC SEM 6/nike-laravel/nike-laravel/vendor/laravel/framework/src/Illuminate/Session/Middleware/StartSession.php(121): Illuminate/Pipeline/Pipeline->Illuminate/Pipeline/{closure}(Object(Illuminate/Http/Request))
#31 D:/BS CS/BS COSC SEM 6/nike-laravel/nike-laravel/vendor/laravel/framework/src/Illuminate/Session/Middleware/StartSession.php(64): Illuminate/Session/Middleware/StartSession->handleStatefulRequest(Object(Illuminate/Http/Request), Object(Illuminate/Session/Store), Object(Closure))
#32 D:/BS CS/BS COSC SEM 6/nike-laravel/nike-laravel/vendor/laravel/framework/src/Illuminate/Pipeline/Pipeline.php(183): Illuminate/Session/Middleware/StartSession->handle(Object(Illuminate/Http/Request), Object(Closure))
#33 D:/BS CS/BS COSC SEM 6/nike-laravel/nike-laravel/vendor/laravel/framework/src/Illuminate/Cookie/Middleware/AddQueuedCookiesToResponse.php(37): Illuminate/Pipeline/Pipeline->Illuminate/Pipeline/{closure}(Object(Illuminate/Http/Request))
#34 D:/BS CS/BS COSC SEM 6/nike-laravel/nike-laravel/vendor/laravel/framework/src/Illuminate/Pipeline/Pipeline.php(183): Illuminate/Cookie/Middleware/AddQueuedCookiesToResponse->handle(Object(Illuminate/Http/Request), Object(Closure))
#35 D:/BS CS/BS COSC SEM 6/nike-laravel/nike-laravel/vendor/laravel/framework/src/Illuminate/Cookie/Middleware/EncryptCookies.php(67): Illuminate/Pipeline/Pipeline->Illuminate/Pipeline/{closure}(Object(Illuminate/Http/Request))
#36 D:/BS CS/BS COSC SEM 6/nike-laravel/nike-laravel/vendor/laravel/framework/src/Illuminate/Pipeline/Pipeline.php(183): Illuminate/Cookie/Middleware/EncryptCookies->handle(Object(Illuminate/Http/Request), Object(Closure))
#37 D:/BS CS/BS COSC SEM 6/nike-laravel/nike-laravel/vendor/laravel/framework/src/Illuminate/Pipeline/Pipeline.php(119): Illuminate/Pipeline/Pipeline->Illuminate/Pipeline/{closure}(Object(Illuminate/Http/Request))
#38 D:/BS CS/BS COSC SEM 6/nike-laravel/nike-laravel/vendor/laravel/framework/src/Illuminate/Routing/Router.php(805): Illuminate/Pipeline/Pipeline->then(Object(Closure))
#39 D:/BS CS/BS COSC SEM 6/nike-laravel/nike-laravel/vendor/laravel/framework/src/Illuminate/Routing/Router.php(784): Illuminate/Routing/Router->runRouteWithinStack(Object(Illuminate/Routing/Route), Object(Illuminate/Http/Request))
#40 D:/BS CS/BS COSC SEM 6/nike-laravel/nike-laravel/vendor/laravel/framework/src/Illuminate/Routing/Router.php(748): Illuminate/Routing/Router->runRoute(Object(Illuminate/Http/Request), Object(Illuminate/Routing/Route))
#41 D:/BS CS/BS COSC SEM 6/nike-laravel/nike-laravel/vendor/laravel/framework/src/Illuminate/Routing/Router.php(737): Illuminate/Routing/Router->dispatchToRoute(Object(Illuminate/Http/Request))
#42 D:/BS CS/BS COSC SEM 6/nike-laravel/nike-laravel/vendor/laravel/framework/src/Illuminate/Foundation/Http/Kernel.php(200): Illuminate/Routing/Router->dispatch(Object(Illuminate/Http/Request))
#43 D:/BS CS/BS COSC SEM 6/nike-laravel/nike-laravel/vendor/laravel/framework/src/Illuminate/Pipeline/Pipeline.php(144): Illuminate/Foundation/Http/Kernel->Illuminate/Foundation/Http/{closure}(Object(Illuminate/Http/Request))
#44 D:/BS CS/BS COSC SEM 6/nike-laravel/nike-laravel/vendor/laravel/framework/src/Illuminate/Foundation/Http/Middleware/TransformsRequest.php(21): Illuminate/Pipeline/Pipeline->Illuminate/Pipeline/{closure}(Object(Illuminate/Http/Request))
#45 D:/BS CS/BS COSC SEM 6/nike-laravel/nike-laravel/vendor/laravel/framework/src/Illuminate/Foundation/Http/Middleware/ConvertEmptyStringsToNull.php(31): Illuminate/Foundation/Http/Middleware/TransformsRequest->handle(Object(Illuminate/Http/Request), Object(Closure))
#46 D:/BS CS/BS COSC SEM 6/nike-laravel/nike-laravel/vendor/laravel/framework/src/Illuminate/Pipeline/Pipeline.php(183): Illuminate/Foundation/Http/Middleware/ConvertEmptyStringsToNull->handle(Object(Illuminate/Http/Request), Object(Closure))
#47 D:/BS CS/BS COSC SEM 6/nike-laravel/nike-laravel/vendor/laravel/framework/src/Illuminate/Foundation/Http/Middleware/ValidatePostSize.php(27): Illuminate/Pipeline/Pipeline->Illuminate/Pipeline/{closure}(Object(Illuminate/Http/Request))
#48 D:/BS CS/BS COSC SEM 6/nike-laravel/nike-laravel/vendor/laravel/framework/src/Illuminate/Pipeline/Pipeline.php(183): Illuminate/Foundation/Http/Middleware/ValidatePostSize->handle(Object(Illuminate/Http/Request), Object(Closure))
#49 D:/BS CS/BS COSC SEM 6/nike-laravel/nike-laravel/vendor/laravel/framework/src/Illuminate/Foundation/Http/Middleware/PreventRequestsDuringMaintenance.php(99): Illuminate/Pipeline/Pipeline->Illuminate/Pipeline/{closure}(Object(Illuminate/Http/Request))
#50 D:/BS CS/BS COSC SEM 6/nike-laravel/nike-laravel/vendor/laravel/framework/src/Illuminate/Pipeline/Pipeline.php(183): Illuminate/Foundation/Http/Middleware/PreventRequestsDuringMaintenance->handle(Object(Illuminate/Http/Request), Object(Closure))
#51 D:/BS CS/BS COSC SEM 6/nike-laravel/nike-laravel/vendor/laravel/framework/src/Illuminate/Pipeline/Pipeline.php(119): Illuminate/Pipeline/Pipeline->Illuminate/Pipeline/{closure}(Object(Illuminate/Http/Request))
#52 D:/BS CS/BS COSC SEM 6/nike-laravel/nike-laravel/vendor/laravel/framework/src/Illuminate/Foundation/Http/Kernel.php(175): Illuminate/Pipeline/Pipeline->then(Object(Closure))
#53 D:/BS CS/BS COSC SEM 6/nike-laravel/nike-laravel/vendor/laravel/framework/src/Illuminate/Foundation/Http/Kernel.php(144): Illuminate/Foundation/Http/Kernel->sendRequestThroughRouter(Object(Illuminate/Http/Request))
#54 D:/BS CS/BS COSC SEM 6/nike-laravel/nike-laravel/public/index.php(23): Illuminate/Foundation/Http/Kernel->handle(Object(Illuminate/Http/Request))
#55 D:/BS CS/BS COSC SEM 6/nike-laravel/nike-laravel/vendor/laravel/framework/src/Illuminate/Foundation/resources/server.php(16): require_once('D://BS CS//BS COS...')
#56 {main}

[previous exception] [object] (Illuminate\\Database\\SQLiteDatabaseDoesNotExistException(code: 0): Database file at path [database] does not exist. Ensure this is an absolute path to the database. at D:/BS CS/BS COSC SEM 6/nike-laravel/nike-laravel/vendor/laravel/framework/src/Illuminate/Database/Connectors/SQLiteConnector.php:34)
[stacktrace]
#0 D:/BS CS/BS COSC SEM 6/nike-laravel/nike-laravel/vendor/laravel/framework/src/Illuminate/Database/Connectors/ConnectionFactory.php(221): Illuminate/Database/Connectors/SQLiteConnector->connect(Array)
#1 [internal function]: Illuminate/Database/Connectors/ConnectionFactory->Illuminate/Database/Connectors/{closure}()
#2 D:/BS CS/BS COSC SEM 6/nike-laravel/nike-laravel/vendor/laravel/framework/src/Illuminate/Database/Connection.php(1339): call_user_func(Object(Closure))
#3 D:/BS CS/BS COSC SEM 6/nike-laravel/nike-laravel/vendor/laravel/framework/src/Illuminate/Database/Connection.php(581): Illuminate/Database/Connection->getPdo()
#4 D:/BS CS/BS COSC SEM 6/nike-laravel/nike-laravel/vendor/laravel/framework/src/Illuminate/Database/Connection.php(816): Illuminate/Database/Connection->Illuminate/Database/{closure}('PRAGMA foreign_...', Array)
#5 D:/BS CS/BS COSC SEM 6/nike-laravel/nike-laravel/vendor/laravel/framework/src/Illuminate/Database/Connection.php(783): Illuminate/Database/Connection->runQueryCallback('PRAGMA foreign_...', Array, Object(Closure))
#6 D:/BS CS/BS COSC SEM 6/nike-laravel/nike-laravel/vendor/laravel/framework/src/Illuminate/Database/Connection.php(576): Illuminate/Database/Connection->run('PRAGMA foreign_...', Array, Object(Closure))
#7 D:/BS CS/BS COSC SEM 6/nike-laravel/nike-laravel/vendor/laravel/framework/src/Illuminate/Database/Schema/Builder.php(560): Illuminate/Database/Connection->statement('PRAGMA foreign_...')
#8 D:/BS CS/BS COSC SEM 6/nike-laravel/nike-laravel/vendor/laravel/framework/src/Illuminate/Database/SQLiteConnection.php(36): Illuminate/Database/Schema/Builder->enableForeignKeyConstraints()
#9 D:/BS CS/BS COSC SEM 6/nike-laravel/nike-laravel/vendor/laravel/framework/src/Illuminate/Database/Connectors/ConnectionFactory.php(272): Illuminate/Database/SQLiteConnection->__construct(Object(Closure), 'database', '', Array)
#10 D:/BS CS/BS COSC SEM 6/nike-laravel/nike-laravel/vendor/laravel/framework/src/Illuminate/Database/Connectors/ConnectionFactory.php(75): Illuminate/Database/Connectors/ConnectionFactory->createConnection('sqlite', Object(Closure), 'database', '', Array)
#11 D:/BS CS/BS COSC SEM 6/nike-laravel/nike-laravel/vendor/laravel/framework/src/Illuminate/Database/Connectors/ConnectionFactory.php(50): Illuminate/Database/Connectors/ConnectionFactory->createSingleConnection(Array)
#12 D:/BS CS/BS COSC SEM 6/nike-laravel/nike-laravel/vendor/laravel/framework/src/Illuminate/Database/DatabaseManager.php(175): Illuminate/Database/Connectors/ConnectionFactory->make(Array, 'sqlite')
#13 D:/BS CS/BS COSC SEM 6/nike-laravel/nike-laravel/vendor/laravel/framework/src/Illuminate/Database/DatabaseManager.php(101): Illuminate/Database/DatabaseManager->makeConnection('sqlite')
#14 D:/BS CS/BS COSC SEM 6/nike-laravel/nike-laravel/vendor/laravel/framework/src/Illuminate/Database/Eloquent/Model.php(1820): Illuminate/Database/DatabaseManager->connection('sqlite')
#15 D:/BS CS/BS COSC SEM 6/nike-laravel/nike-laravel/vendor/laravel/framework/src/Illuminate/Database/Eloquent/Model.php(1786): Illuminate/Database/Eloquent/Model::resolveConnection(NULL)
#16 D:/BS CS/BS COSC SEM 6/nike-laravel/nike-laravel/vendor/laravel/framework/src/Illuminate/Database/Eloquent/Model.php(1577): Illuminate/Database/Eloquent/Model->getConnection()
#17 D:/BS CS/BS COSC SEM 6/nike-laravel/nike-laravel/vendor/laravel/framework/src/Illuminate/Database/Eloquent/Model.php(1496): Illuminate/Database/Eloquent/Model->newBaseQueryBuilder()
#18 D:/BS CS/BS COSC SEM 6/nike-laravel/nike-laravel/vendor/laravel/framework/src/Illuminate/Database/Eloquent/Model.php(1532): Illuminate/Database/Eloquent/Model->newModelQuery()
#19 D:/BS CS/BS COSC SEM 6/nike-laravel/nike-laravel/vendor/laravel/framework/src/Illuminate/Database/Eloquent/Model.php(1485): Illuminate/Database/Eloquent/Model->newQueryWithoutScopes()
#20 D:/BS CS/BS COSC SEM 6/nike-laravel/nike-laravel/vendor/laravel/framework/src/Illuminate/Database/Eloquent/Model.php(2335): Illuminate/Database/Eloquent/Model->newQuery()
#21 D:/BS CS/BS COSC SEM 6/nike-laravel/nike-laravel/vendor/laravel/framework/src/Illuminate/Database/Eloquent/Model.php(2347): Illuminate/Database/Eloquent/Model->__call('inStock', Array)
#22 D:/BS CS/BS COSC SEM 6/nike-laravel/nike-laravel/app/Http/Controllers/ShopController.php(8): Illuminate/Database/Eloquent/Model::__callStatic('inStock', Array)
#23 D:/BS CS/BS COSC SEM 6/nike-laravel/nike-laravel/vendor/laravel/framework/src/Illuminate/Routing/Controller.php(54): App/Http/Controllers/ShopController->home()
#24 D:/BS CS/BS COSC SEM 6/nike-laravel/nike-laravel/vendor/laravel/framework/src/Illuminate/Routing/ControllerDispatcher.php(43): Illuminate/Routing/Controller->callAction('home', Array)
#25 D:/BS CS/BS COSC SEM 6/nike-laravel/nike-laravel/vendor/laravel/framework/src/Illuminate/Routing/Route.php(259): Illuminate/Routing/ControllerDispatcher->dispatch(Object(Illuminate/Routing/Route), Object(App/Http/Controllers/ShopController), 'home')
#26 D:/BS CS/BS COSC SEM 6/nike-laravel/nike-laravel/vendor/laravel/framework/src/Illuminate/Routing/Route.php(205): Illuminate/Routing/Route->runController()
#27 D:/BS CS/BS COSC SEM 6/nike-laravel/nike-laravel/vendor/laravel/framework/src/Illuminate/Routing/Router.php(806): Illuminate/Routing/Route->run()
#28 D:/BS CS/BS COSC SEM 6/nike-laravel/nike-laravel/vendor/laravel/framework/src/Illuminate/Pipeline/Pipeline.php(144): Illuminate/Routing/Router->Illuminate/Routing/{closure}(Object(Illuminate/Http/Request))
#29 D:/BS CS/BS COSC SEM 6/nike-laravel/nike-laravel/vendor/laravel/framework/src/Illuminate/Routing/Middleware/SubstituteBindings.php(50): Illuminate/Pipeline/Pipeline->Illuminate/Pipeline/{closure}(Object(Illuminate/Http/Request))
#30 D:/BS CS/BS COSC SEM 6/nike-laravel/nike-laravel/vendor/laravel/framework/src/Illuminate/Pipeline/Pipeline.php(183): Illuminate/Routing/Middleware/SubstituteBindings->handle(Object(Illuminate/Http/Request), Object(Closure))
#31 D:/BS CS/BS COSC SEM 6/nike-laravel/nike-laravel/vendor/laravel/framework/src/Illuminate/Foundation/Http/Middleware/VerifyCsrfToken.php(78): Illuminate/Pipeline/Pipeline->Illuminate/Pipeline/{closure}(Object(Illuminate/Http/Request))
#32 D:/BS CS/BS COSC SEM 6/nike-laravel/nike-laravel/vendor/laravel/framework/src/Illuminate/Pipeline/Pipeline.php(183): Illuminate/Foundation/Http/Middleware/VerifyCsrfToken->handle(Object(Illuminate/Http/Request), Object(Closure))
#33 D:/BS CS/BS COSC SEM 6/nike-laravel/nike-laravel/vendor/laravel/framework/src/Illuminate/View/Middleware/ShareErrorsFromSession.php(49): Illuminate/Pipeline/Pipeline->Illuminate/Pipeline/{closure}(Object(Illuminate/Http/Request))
#34 D:/BS CS/BS COSC SEM 6/nike-laravel/nike-laravel/vendor/laravel/framework/src/Illuminate/Pipeline/Pipeline.php(183): Illuminate/View/Middleware/ShareErrorsFromSession->handle(Object(Illuminate/Http/Request), Object(Closure))
#35 D:/BS CS/BS COSC SEM 6/nike-laravel/nike-laravel/vendor/laravel/framework/src/Illuminate/Session/Middleware/StartSession.php(121): Illuminate/Pipeline/Pipeline->Illuminate/Pipeline/{closure}(Object(Illuminate/Http/Request))
#36 D:/BS CS/BS COSC SEM 6/nike-laravel/nike-laravel/vendor/laravel/framework/src/Illuminate/Session/Middleware/StartSession.php(64): Illuminate/Session/Middleware/StartSession->handleStatefulRequest(Object(Illuminate/Http/Request), Object(Illuminate/Session/Store), Object(Closure))
#37 D:/BS CS/BS COSC SEM 6/nike-laravel/nike-laravel/vendor/laravel/framework/src/Illuminate/Pipeline/Pipeline.php(183): Illuminate/Session/Middleware/StartSession->handle(Object(Illuminate/Http/Request), Object(Closure))
#38 D:/BS CS/BS COSC SEM 6/nike-laravel/nike-laravel/vendor/laravel/framework/src/Illuminate/Cookie/Middleware/AddQueuedCookiesToResponse.php(37): Illuminate/Pipeline/Pipeline->Illuminate/Pipeline/{closure}(Object(Illuminate/Http/Request))
#39 D:/BS CS/BS COSC SEM 6/nike-laravel/nike-laravel/vendor/laravel/framework/src/Illuminate/Pipeline/Pipeline.php(183): Illuminate/Cookie/Middleware/AddQueuedCookiesToResponse->handle(Object(Illuminate/Http/Request), Object(Closure))
#40 D:/BS CS/BS COSC SEM 6/nike-laravel/nike-laravel/vendor/laravel/framework/src/Illuminate/Cookie/Middleware/EncryptCookies.php(67): Illuminate/Pipeline/Pipeline->Illuminate/Pipeline/{closure}(Object(Illuminate/Http/Request))
#41 D:/BS CS/BS COSC SEM 6/nike-laravel/nike-laravel/vendor/laravel/framework/src/Illuminate/Pipeline/Pipeline.php(183): Illuminate/Cookie/Middleware/EncryptCookies->handle(Object(Illuminate/Http/Request), Object(Closure))
#42 D:/BS CS/BS COSC SEM 6/nike-laravel/nike-laravel/vendor/laravel/framework/src/Illuminate/Pipeline/Pipeline.php(119): Illuminate/Pipeline/Pipeline->Illuminate/Pipeline/{closure}(Object(Illuminate/Http/Request))
#43 D:/BS CS/BS COSC SEM 6/nike-laravel/nike-laravel/vendor/laravel/framework/src/Illuminate/Routing/Router.php(805): Illuminate/Pipeline/Pipeline->then(Object(Closure))
#44 D:/BS CS/BS COSC SEM 6/nike-laravel/nike-laravel/vendor/laravel/framework/src/Illuminate/Routing/Router.php(784): Illuminate/Routing/Router->runRouteWithinStack(Object(Illuminate/Routing/Route), Object(Illuminate/Http/Request))
#45 D:/BS CS/BS COSC SEM 6/nike-laravel/nike-laravel/vendor/laravel/framework/src/Illuminate/Routing/Router.php(748): Illuminate/Routing/Router->runRoute(Object(Illuminate/Http/Request), Object(Illuminate/Routing/Route))
#46 D:/BS CS/BS COSC SEM 6/nike-laravel/nike-laravel/vendor/laravel/framework/src/Illuminate/Routing/Router.php(737): Illuminate/Routing/Router->dispatchToRoute(Object(Illuminate/Http/Request))
#47 D:/BS CS/BS COSC SEM 6/nike-laravel/nike-laravel/vendor/laravel/framework/src/Illuminate/Foundation/Http/Kernel.php(200): Illuminate/Routing/Router->dispatch(Object(Illuminate/Http/Request))
#48 D:/BS CS/BS COSC SEM 6/nike-laravel/nike-laravel/vendor/laravel/framework/src/Illuminate/Pipeline/Pipeline.php(144): Illuminate/Foundation/Http/Kernel->Illuminate/Foundation/Http/{closure}(Object(Illuminate/Http/Request))
#49 D:/BS CS/BS COSC SEM 6/nike-laravel/nike-laravel/vendor/laravel/framework/src/Illuminate/Foundation/Http/Middleware/TransformsRequest.php(21): Illuminate/Pipeline/Pipeline->Illuminate/Pipeline/{closure}(Object(Illuminate/Http/Request))
#50 D:/BS CS/BS COSC SEM 6/nike-laravel/nike-laravel/vendor/laravel/framework/src/Illuminate/Foundation/Http/Middleware/ConvertEmptyStringsToNull.php(31): Illuminate/Foundation/Http/Middleware/TransformsRequest->handle(Object(Illuminate/Http/Request), Object(Closure))
#51 D:/BS CS/BS COSC SEM 6/nike-laravel/nike-laravel/vendor/laravel/framework/src/Illuminate/Pipeline/Pipeline.php(183): Illuminate/Foundation/Http/Middleware/ConvertEmptyStringsToNull->handle(Object(Illuminate/Http/Request), Object(Closure))
#52 D:/BS CS/BS COSC SEM 6/nike-laravel/nike-laravel/vendor/laravel/framework/src/Illuminate/Foundation/Http/Middleware/ValidatePostSize.php(27): Illuminate/Pipeline/Pipeline->Illuminate/Pipeline/{closure}(Object(Illuminate/Http/Request))
#53 D:/BS CS/BS COSC SEM 6/nike-laravel/nike-laravel/vendor/laravel/framework/src/Illuminate/Pipeline/Pipeline.php(183): Illuminate/Foundation/Http/Middleware/ValidatePostSize->handle(Object(Illuminate/Http/Request), Object(Closure))
#54 D:/BS CS/BS COSC SEM 6/nike-laravel/nike-laravel/vendor/laravel/framework/src/Illuminate/Foundation/Http/Middleware/PreventRequestsDuringMaintenance.php(99): Illuminate/Pipeline/Pipeline->Illuminate/Pipeline/{closure}(Object(Illuminate/Http/Request))
#55 D:/BS CS/BS COSC SEM 6/nike-laravel/nike-laravel/vendor/laravel/framework/src/Illuminate/Pipeline/Pipeline.php(183): Illuminate/Foundation/Http/Middleware/PreventRequestsDuringMaintenance->handle(Object(Illuminate/Http/Request), Object(Closure))
#56 D:/BS CS/BS COSC SEM 6/nike-laravel/nike-laravel/vendor/laravel/framework/src/Illuminate/Pipeline/Pipeline.php(119): Illuminate/Pipeline/Pipeline->Illuminate/Pipeline/{closure}(Object(Illuminate/Http/Request))
#57 D:/BS CS/BS COSC SEM 6/nike-laravel/nike-laravel/vendor/laravel/framework/src/Illuminate/Foundation/Http/Kernel.php(175): Illuminate/Pipeline/Pipeline->then(Object(Closure))
#58 D:/BS CS/BS COSC SEM 6/nike-laravel/nike-laravel/vendor/laravel/framework/src/Illuminate/Foundation/Http/Kernel.php(144): Illuminate/Foundation/Http/Kernel->sendRequestThroughRouter(Object(Illuminate/Http/Request))
#59 D:/BS CS/BS COSC SEM 6/nike-laravel/nike-laravel/public/index.php(23): Illuminate/Foundation/Http/Kernel->handle(Object(Illuminate/Http/Request))
#60 D:/BS CS/BS COSC SEM 6/nike-laravel/nike-laravel/vendor/laravel/framework/src/Illuminate/Foundation/resources/server.php(16): require_once('D://BS CS//BS COS...')
#61 {main}
"} 
[2026-05-01 15:30:14] local.ERROR: SQLSTATE[HY000] [14] unable to open database file (Connection: sqlite, SQL: PRAGMA foreign_keys = ON;) {"exception":"[object] (Illuminate\\Database\\QueryException(code: 14): SQLSTATE[HY000] [14] unable to open database file (Connection: sqlite, SQL: PRAGMA foreign_keys = ON;) at D:/BS CS/BS COSC SEM 6/nike-laravel/nike-laravel/vendor/laravel/framework/src/Illuminate/Database/Connection.php:829)
[stacktrace]
#0 D:/BS CS/BS COSC SEM 6/nike-laravel/nike-laravel/vendor/laravel/framework/src/Illuminate/Database/Connection.php(783): Illuminate/Database/Connection->runQueryCallback('PRAGMA foreign_...', Array, Object(Closure))
#1 D:/BS CS/BS COSC SEM 6/nike-laravel/nike-laravel/vendor/laravel/framework/src/Illuminate/Database/Connection.php(576): Illuminate/Database/Connection->run('PRAGMA foreign_...', Array, Object(Closure))
#2 D:/BS CS/BS COSC SEM 6/nike-laravel/nike-laravel/vendor/laravel/framework/src/Illuminate/Database/Schema/Builder.php(560): Illuminate/Database/Connection->statement('PRAGMA foreign_...')
#3 D:/BS CS/BS COSC SEM 6/nike-laravel/nike-laravel/vendor/laravel/framework/src/Illuminate/Database/SQLiteConnection.php(36): Illuminate/Database/Schema/Builder->enableForeignKeyConstraints()
#4 D:/BS CS/BS COSC SEM 6/nike-laravel/nike-laravel/vendor/laravel/framework/src/Illuminate/Database/Connectors/ConnectionFactory.php(272): Illuminate/Database/SQLiteConnection->__construct(Object(Closure), 'database', '', Array)
#5 D:/BS CS/BS COSC SEM 6/nike-laravel/nike-laravel/vendor/laravel/framework/src/Illuminate/Database/Connectors/ConnectionFactory.php(75): Illuminate/Database/Connectors/ConnectionFactory->createConnection('sqlite', Object(Closure), 'database', '', Array)
#6 D:/BS CS/BS COSC SEM 6/nike-laravel/nike-laravel/vendor/laravel/framework/src/Illuminate/Database/Connectors/ConnectionFactory.php(50): Illuminate/Database/Connectors/ConnectionFactory->createSingleConnection(Array)
#7 D:/BS CS/BS COSC SEM 6/nike-laravel/nike-laravel/vendor/laravel/framework/src/Illuminate/Database/DatabaseManager.php(175): Illuminate/Database/Connectors/ConnectionFactory->make(Array, 'sqlite')
#8 D:/BS CS/BS COSC SEM 6/nike-laravel/nike-laravel/vendor/laravel/framework/src/Illuminate/Database/DatabaseManager.php(101): Illuminate/Database/DatabaseManager->makeConnection('sqlite')
#9 D:/BS CS/BS COSC SEM 6/nike-laravel/nike-laravel/vendor/laravel/framework/src/Illuminate/Database/Migrations/DatabaseMigrationRepository.php(226): Illuminate/Database/DatabaseManager->connection('sqlite')
#10 D:/BS CS/BS COSC SEM 6/nike-laravel/nike-laravel/vendor/laravel/framework/src/Illuminate/Database/Migrations/DatabaseMigrationRepository.php(182): Illuminate/Database/Migrations/DatabaseMigrationRepository->getConnection()
#11 D:/BS CS/BS COSC SEM 6/nike-laravel/nike-laravel/vendor/laravel/framework/src/Illuminate/Database/Migrations/Migrator.php(727): Illuminate/Database/Migrations/DatabaseMigrationRepository->repositoryExists()
#12 D:/BS CS/BS COSC SEM 6/nike-laravel/nike-laravel/vendor/laravel/framework/src/Illuminate/Database/Console/Migrations/MigrateCommand.php(140): Illuminate/Database/Migrations/Migrator->repositoryExists()
#13 D:/BS CS/BS COSC SEM 6/nike-laravel/nike-laravel/vendor/laravel/framework/src/Illuminate/Support/helpers.php(261): Illuminate/Database/Console/Migrations/MigrateCommand->Illuminate/Database/Console/Migrations/{closure}(1)
#14 D:/BS CS/BS COSC SEM 6/nike-laravel/nike-laravel/vendor/laravel/framework/src/Illuminate/Database/Console/Migrations/MigrateCommand.php(140): retry(1, Object(Closure), 0, Object(Closure))
#15 D:/BS CS/BS COSC SEM 6/nike-laravel/nike-laravel/vendor/laravel/framework/src/Illuminate/Database/Console/Migrations/MigrateCommand.php(116): Illuminate/Database/Console/Migrations/MigrateCommand->repositoryExists()
#16 D:/BS CS/BS COSC SEM 6/nike-laravel/nike-laravel/vendor/laravel/framework/src/Illuminate/Database/Console/Migrations/MigrateCommand.php(84): Illuminate/Database/Console/Migrations/MigrateCommand->prepareDatabase()
#17 D:/BS CS/BS COSC SEM 6/nike-laravel/nike-laravel/vendor/laravel/framework/src/Illuminate/Database/Migrations/Migrator.php(641): Illuminate/Database/Console/Migrations/MigrateCommand->Illuminate/Database/Console/Migrations/{closure}()
#18 D:/BS CS/BS COSC SEM 6/nike-laravel/nike-laravel/vendor/laravel/framework/src/Illuminate/Database/Console/Migrations/MigrateCommand.php(83): Illuminate/Database/Migrations/Migrator->usingConnection(NULL, Object(Closure))
#19 D:/BS CS/BS COSC SEM 6/nike-laravel/nike-laravel/vendor/laravel/framework/src/Illuminate/Container/BoundMethod.php(36): Illuminate/Database/Console/Migrations/MigrateCommand->handle()
#20 D:/BS CS/BS COSC SEM 6/nike-laravel/nike-laravel/vendor/laravel/framework/src/Illuminate/Container/Util.php(41): Illuminate/Container/BoundMethod::Illuminate/Container/{closure}()
#21 D:/BS CS/BS COSC SEM 6/nike-laravel/nike-laravel/vendor/laravel/framework/src/Illuminate/Container/BoundMethod.php(93): Illuminate/Container/Util::unwrapIfClosure(Object(Closure))
#22 D:/BS CS/BS COSC SEM 6/nike-laravel/nike-laravel/vendor/laravel/framework/src/Illuminate/Container/BoundMethod.php(35): Illuminate/Container/BoundMethod::callBoundMethod(Object(Illuminate/Foundation/Application), Array, Object(Closure))
#23 D:/BS CS/BS COSC SEM 6/nike-laravel/nike-laravel/vendor/laravel/framework/src/Illuminate/Container/Container.php(662): Illuminate/Container/BoundMethod::call(Object(Illuminate/Foundation/Application), Array, Array, NULL)
#24 D:/BS CS/BS COSC SEM 6/nike-laravel/nike-laravel/vendor/laravel/framework/src/Illuminate/Console/Command.php(211): Illuminate/Container/Container->call(Array)
#25 D:/BS CS/BS COSC SEM 6/nike-laravel/nike-laravel/vendor/symfony/console/Command/Command.php(326): Illuminate/Console/Command->execute(Object(Symfony/Component/Console/Input/ArgvInput), Object(Illuminate/Console/OutputStyle))
#26 D:/BS CS/BS COSC SEM 6/nike-laravel/nike-laravel/vendor/laravel/framework/src/Illuminate/Console/Command.php(180): Symfony/Component/Console/Command/Command->run(Object(Symfony/Component/Console/Input/ArgvInput), Object(Illuminate/Console/OutputStyle))
#27 D:/BS CS/BS COSC SEM 6/nike-laravel/nike-laravel/vendor/symfony/console/Application.php(1121): Illuminate/Console/Command->run(Object(Symfony/Component/Console/Input/ArgvInput), Object(Symfony/Component/Console/Output/ConsoleOutput))
#28 D:/BS CS/BS COSC SEM 6/nike-laravel/nike-laravel/vendor/symfony/console/Application.php(324): Symfony/Component/Console/Application->doRunCommand(Object(Illuminate/Database/Console/Migrations/MigrateCommand), Object(Symfony/Component/Console/Input/ArgvInput), Object(Symfony/Component/Console/Output/ConsoleOutput))
#29 D:/BS CS/BS COSC SEM 6/nike-laravel/nike-laravel/vendor/symfony/console/Application.php(175): Symfony/Component/Console/Application->doRun(Object(Symfony/Component/Console/Input/ArgvInput), Object(Symfony/Component/Console/Output/ConsoleOutput))
#30 D:/BS CS/BS COSC SEM 6/nike-laravel/nike-laravel/vendor/laravel/framework/src/Illuminate/Foundation/Console/Kernel.php(201): Symfony/Component/Console/Application->run(Object(Symfony/Component/Console/Input/ArgvInput), Object(Symfony/Component/Console/Output/ConsoleOutput))
#31 D:/BS CS/BS COSC SEM 6/nike-laravel/nike-laravel/artisan(12): Illuminate/Foundation/Console/Kernel->handle(Object(Symfony/Component/Console/Input/ArgvInput), Object(Symfony/Component/Console/Output/ConsoleOutput))
#32 {main}

[previous exception] [object] (PDOException(code: 14): SQLSTATE[HY000] [14] unable to open database file at D:/BS CS/BS COSC SEM 6/nike-laravel/nike-laravel/vendor/laravel/framework/src/Illuminate/Database/Connectors/Connector.php:65)
[stacktrace]
#0 D:/BS CS/BS COSC SEM 6/nike-laravel/nike-laravel/vendor/laravel/framework/src/Illuminate/Database/Connectors/Connector.php(65): PDO->__construct('sqlite:D://BS CS...', NULL, Object(SensitiveParameterValue), Array)
#1 D:/BS CS/BS COSC SEM 6/nike-laravel/nike-laravel/vendor/laravel/framework/src/Illuminate/Database/Connectors/Connector.php(44): Illuminate/Database/Connectors/Connector->createPdoConnection('sqlite:D://BS CS...', NULL, NULL, Array)
#2 D:/BS CS/BS COSC SEM 6/nike-laravel/nike-laravel/vendor/laravel/framework/src/Illuminate/Database/Connectors/SQLiteConnector.php(37): Illuminate/Database/Connectors/Connector->createConnection('sqlite:D://BS CS...', Array, Array)
#3 D:/BS CS/BS COSC SEM 6/nike-laravel/nike-laravel/vendor/laravel/framework/src/Illuminate/Database/Connectors/ConnectionFactory.php(221): Illuminate/Database/Connectors/SQLiteConnector->connect(Array)
#4 [internal function]: Illuminate/Database/Connectors/ConnectionFactory->Illuminate/Database/Connectors/{closure}()
#5 D:/BS CS/BS COSC SEM 6/nike-laravel/nike-laravel/vendor/laravel/framework/src/Illuminate/Database/Connection.php(1339): call_user_func(Object(Closure))
#6 D:/BS CS/BS COSC SEM 6/nike-laravel/nike-laravel/vendor/laravel/framework/src/Illuminate/Database/Connection.php(581): Illuminate/Database/Connection->getPdo()
#7 D:/BS CS/BS COSC SEM 6/nike-laravel/nike-laravel/vendor/laravel/framework/src/Illuminate/Database/Connection.php(816): Illuminate/Database/Connection->Illuminate/Database/{closure}('PRAGMA foreign_...', Array)
#8 D:/BS CS/BS COSC SEM 6/nike-laravel/nike-laravel/vendor/laravel/framework/src/Illuminate/Database/Connection.php(783): Illuminate/Database/Connection->runQueryCallback('PRAGMA foreign_...', Array, Object(Closure))
#9 D:/BS CS/BS COSC SEM 6/nike-laravel/nike-laravel/vendor/laravel/framework/src/Illuminate/Database/Connection.php(576): Illuminate/Database/Connection->run('PRAGMA foreign_...', Array, Object(Closure))
#10 D:/BS CS/BS COSC SEM 6/nike-laravel/nike-laravel/vendor/laravel/framework/src/Illuminate/Database/Schema/Builder.php(560): Illuminate/Database/Connection->statement('PRAGMA foreign_...')
#11 D:/BS CS/BS COSC SEM 6/nike-laravel/nike-laravel/vendor/laravel/framework/src/Illuminate/Database/SQLiteConnection.php(36): Illuminate/Database/Schema/Builder->enableForeignKeyConstraints()
#12 D:/BS CS/BS COSC SEM 6/nike-laravel/nike-laravel/vendor/laravel/framework/src/Illuminate/Database/Connectors/ConnectionFactory.php(272): Illuminate/Database/SQLiteConnection->__construct(Object(Closure), 'database', '', Array)
#13 D:/BS CS/BS COSC SEM 6/nike-laravel/nike-laravel/vendor/laravel/framework/src/Illuminate/Database/Connectors/ConnectionFactory.php(75): Illuminate/Database/Connectors/ConnectionFactory->createConnection('sqlite', Object(Closure), 'database', '', Array)
#14 D:/BS CS/BS COSC SEM 6/nike-laravel/nike-laravel/vendor/laravel/framework/src/Illuminate/Database/Connectors/ConnectionFactory.php(50): Illuminate/Database/Connectors/ConnectionFactory->createSingleConnection(Array)
#15 D:/BS CS/BS COSC SEM 6/nike-laravel/nike-laravel/vendor/laravel/framework/src/Illuminate/Database/DatabaseManager.php(175): Illuminate/Database/Connectors/ConnectionFactory->make(Array, 'sqlite')
#16 D:/BS CS/BS COSC SEM 6/nike-laravel/nike-laravel/vendor/laravel/framework/src/Illuminate/Database/DatabaseManager.php(101): Illuminate/Database/DatabaseManager->makeConnection('sqlite')
#17 D:/BS CS/BS COSC SEM 6/nike-laravel/nike-laravel/vendor/laravel/framework/src/Illuminate/Database/Migrations/DatabaseMigrationRepository.php(226): Illuminate/Database/DatabaseManager->connection('sqlite')
#18 D:/BS CS/BS COSC SEM 6/nike-laravel/nike-laravel/vendor/laravel/framework/src/Illuminate/Database/Migrations/DatabaseMigrationRepository.php(182): Illuminate/Database/Migrations/DatabaseMigrationRepository->getConnection()
#19 D:/BS CS/BS COSC SEM 6/nike-laravel/nike-laravel/vendor/laravel/framework/src/Illuminate/Database/Migrations/Migrator.php(727): Illuminate/Database/Migrations/DatabaseMigrationRepository->repositoryExists()
#20 D:/BS CS/BS COSC SEM 6/nike-laravel/nike-laravel/vendor/laravel/framework/src/Illuminate/Database/Console/Migrations/MigrateCommand.php(140): Illuminate/Database/Migrations/Migrator->repositoryExists()
#21 D:/BS CS/BS COSC SEM 6/nike-laravel/nike-laravel/vendor/laravel/framework/src/Illuminate/Support/helpers.php(261): Illuminate/Database/Console/Migrations/MigrateCommand->Illuminate/Database/Console/Migrations/{closure}(1)
#22 D:/BS CS/BS COSC SEM 6/nike-laravel/nike-laravel/vendor/laravel/framework/src/Illuminate/Database/Console/Migrations/MigrateCommand.php(140): retry(1, Object(Closure), 0, Object(Closure))
#23 D:/BS CS/BS COSC SEM 6/nike-laravel/nike-laravel/vendor/laravel/framework/src/Illuminate/Database/Console/Migrations/MigrateCommand.php(116): Illuminate/Database/Console/Migrations/MigrateCommand->repositoryExists()
#24 D:/BS CS/BS COSC SEM 6/nike-laravel/nike-laravel/vendor/laravel/framework/src/Illuminate/Database/Console/Migrations/MigrateCommand.php(84): Illuminate/Database/Console/Migrations/MigrateCommand->prepareDatabase()
#25 D:/BS CS/BS COSC SEM 6/nike-laravel/nike-laravel/vendor/laravel/framework/src/Illuminate/Database/Migrations/Migrator.php(641): Illuminate/Database/Console/Migrations/MigrateCommand->Illuminate/Database/Console/Migrations/{closure}()
#26 D:/BS CS/BS COSC SEM 6/nike-laravel/nike-laravel/vendor/laravel/framework/src/Illuminate/Database/Console/Migrations/MigrateCommand.php(83): Illuminate/Database/Migrations/Migrator->usingConnection(NULL, Object(Closure))
#27 D:/BS CS/BS COSC SEM 6/nike-laravel/nike-laravel/vendor/laravel/framework/src/Illuminate/Container/BoundMethod.php(36): Illuminate/Database/Console/Migrations/MigrateCommand->handle()
#28 D:/BS CS/BS COSC SEM 6/nike-laravel/nike-laravel/vendor/laravel/framework/src/Illuminate/Container/Util.php(41): Illuminate/Container/BoundMethod::Illuminate/Container/{closure}()
#29 D:/BS CS/BS COSC SEM 6/nike-laravel/nike-laravel/vendor/laravel/framework/src/Illuminate/Container/BoundMethod.php(93): Illuminate/Container/Util::unwrapIfClosure(Object(Closure))
#30 D:/BS CS/BS COSC SEM 6/nike-laravel/nike-laravel/vendor/laravel/framework/src/Illuminate/Container/BoundMethod.php(35): Illuminate/Container/BoundMethod::callBoundMethod(Object(Illuminate/Foundation/Application), Array, Object(Closure))
#31 D:/BS CS/BS COSC SEM 6/nike-laravel/nike-laravel/vendor/laravel/framework/src/Illuminate/Container/Container.php(662): Illuminate/Container/BoundMethod::call(Object(Illuminate/Foundation/Application), Array, Array, NULL)
#32 D:/BS CS/BS COSC SEM 6/nike-laravel/nike-laravel/vendor/laravel/framework/src/Illuminate/Console/Command.php(211): Illuminate/Container/Container->call(Array)
#33 D:/BS CS/BS COSC SEM 6/nike-laravel/nike-laravel/vendor/symfony/console/Command/Command.php(326): Illuminate/Console/Command->execute(Object(Symfony/Component/Console/Input/ArgvInput), Object(Illuminate/Console/OutputStyle))
#34 D:/BS CS/BS COSC SEM 6/nike-laravel/nike-laravel/vendor/laravel/framework/src/Illuminate/Console/Command.php(180): Symfony/Component/Console/Command/Command->run(Object(Symfony/Component/Console/Input/ArgvInput), Object(Illuminate/Console/OutputStyle))
#35 D:/BS CS/BS COSC SEM 6/nike-laravel/nike-laravel/vendor/symfony/console/Application.php(1121): Illuminate/Console/Command->run(Object(Symfony/Component/Console/Input/ArgvInput), Object(Symfony/Component/Console/Output/ConsoleOutput))
#36 D:/BS CS/BS COSC SEM 6/nike-laravel/nike-laravel/vendor/symfony/console/Application.php(324): Symfony/Component/Console/Application->doRunCommand(Object(Illuminate/Database/Console/Migrations/MigrateCommand), Object(Symfony/Component/Console/Input/ArgvInput), Object(Symfony/Component/Console/Output/ConsoleOutput))
#37 D:/BS CS/BS COSC SEM 6/nike-laravel/nike-laravel/vendor/symfony/console/Application.php(175): Symfony/Component/Console/Application->doRun(Object(Symfony/Component/Console/Input/ArgvInput), Object(Symfony/Component/Console/Output/ConsoleOutput))
#38 D:/BS CS/BS COSC SEM 6/nike-laravel/nike-laravel/vendor/laravel/framework/src/Illuminate/Foundation/Console/Kernel.php(201): Symfony/Component/Console/Application->run(Object(Symfony/Component/Console/Input/ArgvInput), Object(Symfony/Component/Console/Output/ConsoleOutput))
#39 D:/BS CS/BS COSC SEM 6/nike-laravel/nike-laravel/artisan(12): Illuminate/Foundation/Console/Kernel->handle(Object(Symfony/Component/Console/Input/ArgvInput), Object(Symfony/Component/Console/Output/ConsoleOutput))
#40 {main}
"} 
[2026-05-01 15:30:18] local.ERROR: SQLSTATE[HY000] [14] unable to open database file (Connection: sqlite, SQL: PRAGMA foreign_keys = ON;) {"exception":"[object] (Illuminate\\Database\\QueryException(code: 14): SQLSTATE[HY000] [14] unable to open database file (Connection: sqlite, SQL: PRAGMA foreign_keys = ON;) at D:/BS CS/BS COSC SEM 6/nike-laravel/nike-laravel/vendor/laravel/framework/src/Illuminate/Database/Connection.php:829)
[stacktrace]
#0 D:/BS CS/BS COSC SEM 6/nike-laravel/nike-laravel/vendor/laravel/framework/src/Illuminate/Database/Connection.php(783): Illuminate/Database/Connection->runQueryCallback('PRAGMA foreign_...', Array, Object(Closure))
#1 D:/BS CS/BS COSC SEM 6/nike-laravel/nike-laravel/vendor/laravel/framework/src/Illuminate/Database/Connection.php(576): Illuminate/Database/Connection->run('PRAGMA foreign_...', Array, Object(Closure))
#2 D:/BS CS/BS COSC SEM 6/nike-laravel/nike-laravel/vendor/laravel/framework/src/Illuminate/Database/Schema/Builder.php(560): Illuminate/Database/Connection->statement('PRAGMA foreign_...')
#3 D:/BS CS/BS COSC SEM 6/nike-laravel/nike-laravel/vendor/laravel/framework/src/Illuminate/Database/SQLiteConnection.php(36): Illuminate/Database/Schema/Builder->enableForeignKeyConstraints()
#4 D:/BS CS/BS COSC SEM 6/nike-laravel/nike-laravel/vendor/laravel/framework/src/Illuminate/Database/Connectors/ConnectionFactory.php(272): Illuminate/Database/SQLiteConnection->__construct(Object(Closure), 'database', '', Array)
#5 D:/BS CS/BS COSC SEM 6/nike-laravel/nike-laravel/vendor/laravel/framework/src/Illuminate/Database/Connectors/ConnectionFactory.php(75): Illuminate/Database/Connectors/ConnectionFactory->createConnection('sqlite', Object(Closure), 'database', '', Array)
#6 D:/BS CS/BS COSC SEM 6/nike-laravel/nike-laravel/vendor/laravel/framework/src/Illuminate/Database/Connectors/ConnectionFactory.php(50): Illuminate/Database/Connectors/ConnectionFactory->createSingleConnection(Array)
#7 D:/BS CS/BS COSC SEM 6/nike-laravel/nike-laravel/vendor/laravel/framework/src/Illuminate/Database/DatabaseManager.php(175): Illuminate/Database/Connectors/ConnectionFactory->make(Array, 'sqlite')
#8 D:/BS CS/BS COSC SEM 6/nike-laravel/nike-laravel/vendor/laravel/framework/src/Illuminate/Database/DatabaseManager.php(101): Illuminate/Database/DatabaseManager->makeConnection('sqlite')
#9 D:/BS CS/BS COSC SEM 6/nike-laravel/nike-laravel/vendor/laravel/framework/src/Illuminate/Database/Migrations/DatabaseMigrationRepository.php(226): Illuminate/Database/DatabaseManager->connection('sqlite')
#10 D:/BS CS/BS COSC SEM 6/nike-laravel/nike-laravel/vendor/laravel/framework/src/Illuminate/Database/Migrations/DatabaseMigrationRepository.php(182): Illuminate/Database/Migrations/DatabaseMigrationRepository->getConnection()
#11 D:/BS CS/BS COSC SEM 6/nike-laravel/nike-laravel/vendor/laravel/framework/src/Illuminate/Database/Migrations/Migrator.php(727): Illuminate/Database/Migrations/DatabaseMigrationRepository->repositoryExists()
#12 D:/BS CS/BS COSC SEM 6/nike-laravel/nike-laravel/vendor/laravel/framework/src/Illuminate/Database/Console/Migrations/StatusCommand.php(53): Illuminate/Database/Migrations/Migrator->repositoryExists()
#13 D:/BS CS/BS COSC SEM 6/nike-laravel/nike-laravel/vendor/laravel/framework/src/Illuminate/Database/Migrations/Migrator.php(641): Illuminate/Database/Console/Migrations/StatusCommand->Illuminate/Database/Console/Migrations/{closure}()
#14 D:/BS CS/BS COSC SEM 6/nike-laravel/nike-laravel/vendor/laravel/framework/src/Illuminate/Database/Console/Migrations/StatusCommand.php(52): Illuminate/Database/Migrations/Migrator->usingConnection(NULL, Object(Closure))
#15 D:/BS CS/BS COSC SEM 6/nike-laravel/nike-laravel/vendor/laravel/framework/src/Illuminate/Container/BoundMethod.php(36): Illuminate/Database/Console/Migrations/StatusCommand->handle()
#16 D:/BS CS/BS COSC SEM 6/nike-laravel/nike-laravel/vendor/laravel/framework/src/Illuminate/Container/Util.php(41): Illuminate/Container/BoundMethod::Illuminate/Container/{closure}()
#17 D:/BS CS/BS COSC SEM 6/nike-laravel/nike-laravel/vendor/laravel/framework/src/Illuminate/Container/BoundMethod.php(93): Illuminate/Container/Util::unwrapIfClosure(Object(Closure))
#18 D:/BS CS/BS COSC SEM 6/nike-laravel/nike-laravel/vendor/laravel/framework/src/Illuminate/Container/BoundMethod.php(35): Illuminate/Container/BoundMethod::callBoundMethod(Object(Illuminate/Foundation/Application), Array, Object(Closure))
#19 D:/BS CS/BS COSC SEM 6/nike-laravel/nike-laravel/vendor/laravel/framework/src/Illuminate/Container/Container.php(662): Illuminate/Container/BoundMethod::call(Object(Illuminate/Foundation/Application), Array, Array, NULL)
#20 D:/BS CS/BS COSC SEM 6/nike-laravel/nike-laravel/vendor/laravel/framework/src/Illuminate/Console/Command.php(211): Illuminate/Container/Container->call(Array)
#21 D:/BS CS/BS COSC SEM 6/nike-laravel/nike-laravel/vendor/symfony/console/Command/Command.php(326): Illuminate/Console/Command->execute(Object(Symfony/Component/Console/Input/ArgvInput), Object(Illuminate/Console/OutputStyle))
#22 D:/BS CS/BS COSC SEM 6/nike-laravel/nike-laravel/vendor/laravel/framework/src/Illuminate/Console/Command.php(180): Symfony/Component/Console/Command/Command->run(Object(Symfony/Component/Console/Input/ArgvInput), Object(Illuminate/Console/OutputStyle))
#23 D:/BS CS/BS COSC SEM 6/nike-laravel/nike-laravel/vendor/symfony/console/Application.php(1121): Illuminate/Console/Command->run(Object(Symfony/Component/Console/Input/ArgvInput), Object(Symfony/Component/Console/Output/ConsoleOutput))
#24 D:/BS CS/BS COSC SEM 6/nike-laravel/nike-laravel/vendor/symfony/console/Application.php(324): Symfony/Component/Console/Application->doRunCommand(Object(Illuminate/Database/Console/Migrations/StatusCommand), Object(Symfony/Component/Console/Input/ArgvInput), Object(Symfony/Component/Console/Output/ConsoleOutput))
#25 D:/BS CS/BS COSC SEM 6/nike-laravel/nike-laravel/vendor/symfony/console/Application.php(175): Symfony/Component/Console/Application->doRun(Object(Symfony/Component/Console/Input/ArgvInput), Object(Symfony/Component/Console/Output/ConsoleOutput))
#26 D:/BS CS/BS COSC SEM 6/nike-laravel/nike-laravel/vendor/laravel/framework/src/Illuminate/Foundation/Console/Kernel.php(201): Symfony/Component/Console/Application->run(Object(Symfony/Component/Console/Input/ArgvInput), Object(Symfony/Component/Console/Output/ConsoleOutput))
#27 D:/BS CS/BS COSC SEM 6/nike-laravel/nike-laravel/artisan(12): Illuminate/Foundation/Console/Kernel->handle(Object(Symfony/Component/Console/Input/ArgvInput), Object(Symfony/Component/Console/Output/ConsoleOutput))
#28 {main}

[previous exception] [object] (PDOException(code: 14): SQLSTATE[HY000] [14] unable to open database file at D:/BS CS/BS COSC SEM 6/nike-laravel/nike-laravel/vendor/laravel/framework/src/Illuminate/Database/Connectors/Connector.php:65)
[stacktrace]
#0 D:/BS CS/BS COSC SEM 6/nike-laravel/nike-laravel/vendor/laravel/framework/src/Illuminate/Database/Connectors/Connector.php(65): PDO->__construct('sqlite:D://BS CS...', NULL, Object(SensitiveParameterValue), Array)
#1 D:/BS CS/BS COSC SEM 6/nike-laravel/nike-laravel/vendor/laravel/framework/src/Illuminate/Database/Connectors/Connector.php(44): Illuminate/Database/Connectors/Connector->createPdoConnection('sqlite:D://BS CS...', NULL, NULL, Array)
#2 D:/BS CS/BS COSC SEM 6/nike-laravel/nike-laravel/vendor/laravel/framework/src/Illuminate/Database/Connectors/SQLiteConnector.php(37): Illuminate/Database/Connectors/Connector->createConnection('sqlite:D://BS CS...', Array, Array)
#3 D:/BS CS/BS COSC SEM 6/nike-laravel/nike-laravel/vendor/laravel/framework/src/Illuminate/Database/Connectors/ConnectionFactory.php(221): Illuminate/Database/Connectors/SQLiteConnector->connect(Array)
#4 [internal function]: Illuminate/Database/Connectors/ConnectionFactory->Illuminate/Database/Connectors/{closure}()
#5 D:/BS CS/BS COSC SEM 6/nike-laravel/nike-laravel/vendor/laravel/framework/src/Illuminate/Database/Connection.php(1339): call_user_func(Object(Closure))
#6 D:/BS CS/BS COSC SEM 6/nike-laravel/nike-laravel/vendor/laravel/framework/src/Illuminate/Database/Connection.php(581): Illuminate/Database/Connection->getPdo()
#7 D:/BS CS/BS COSC SEM 6/nike-laravel/nike-laravel/vendor/laravel/framework/src/Illuminate/Database/Connection.php(816): Illuminate/Database/Connection->Illuminate/Database/{closure}('PRAGMA foreign_...', Array)
#8 D:/BS CS/BS COSC SEM 6/nike-laravel/nike-laravel/vendor/laravel/framework/src/Illuminate/Database/Connection.php(783): Illuminate/Database/Connection->runQueryCallback('PRAGMA foreign_...', Array, Object(Closure))
#9 D:/BS CS/BS COSC SEM 6/nike-laravel/nike-laravel/vendor/laravel/framework/src/Illuminate/Database/Connection.php(576): Illuminate/Database/Connection->run('PRAGMA foreign_...', Array, Object(Closure))
#10 D:/BS CS/BS COSC SEM 6/nike-laravel/nike-laravel/vendor/laravel/framework/src/Illuminate/Database/Schema/Builder.php(560): Illuminate/Database/Connection->statement('PRAGMA foreign_...')
#11 D:/BS CS/BS COSC SEM 6/nike-laravel/nike-laravel/vendor/laravel/framework/src/Illuminate/Database/SQLiteConnection.php(36): Illuminate/Database/Schema/Builder->enableForeignKeyConstraints()
#12 D:/BS CS/BS COSC SEM 6/nike-laravel/nike-laravel/vendor/laravel/framework/src/Illuminate/Database/Connectors/ConnectionFactory.php(272): Illuminate/Database/SQLiteConnection->__construct(Object(Closure), 'database', '', Array)
#13 D:/BS CS/BS COSC SEM 6/nike-laravel/nike-laravel/vendor/laravel/framework/src/Illuminate/Database/Connectors/ConnectionFactory.php(75): Illuminate/Database/Connectors/ConnectionFactory->createConnection('sqlite', Object(Closure), 'database', '', Array)
#14 D:/BS CS/BS COSC SEM 6/nike-laravel/nike-laravel/vendor/laravel/framework/src/Illuminate/Database/Connectors/ConnectionFactory.php(50): Illuminate/Database/Connectors/ConnectionFactory->createSingleConnection(Array)
#15 D:/BS CS/BS COSC SEM 6/nike-laravel/nike-laravel/vendor/laravel/framework/src/Illuminate/Database/DatabaseManager.php(175): Illuminate/Database/Connectors/ConnectionFactory->make(Array, 'sqlite')
#16 D:/BS CS/BS COSC SEM 6/nike-laravel/nike-laravel/vendor/laravel/framework/src/Illuminate/Database/DatabaseManager.php(101): Illuminate/Database/DatabaseManager->makeConnection('sqlite')
#17 D:/BS CS/BS COSC SEM 6/nike-laravel/nike-laravel/vendor/laravel/framework/src/Illuminate/Database/Migrations/DatabaseMigrationRepository.php(226): Illuminate/Database/DatabaseManager->connection('sqlite')
#18 D:/BS CS/BS COSC SEM 6/nike-laravel/nike-laravel/vendor/laravel/framework/src/Illuminate/Database/Migrations/DatabaseMigrationRepository.php(182): Illuminate/Database/Migrations/DatabaseMigrationRepository->getConnection()
#19 D:/BS CS/BS COSC SEM 6/nike-laravel/nike-laravel/vendor/laravel/framework/src/Illuminate/Database/Migrations/Migrator.php(727): Illuminate/Database/Migrations/DatabaseMigrationRepository->repositoryExists()
#20 D:/BS CS/BS COSC SEM 6/nike-laravel/nike-laravel/vendor/laravel/framework/src/Illuminate/Database/Console/Migrations/StatusCommand.php(53): Illuminate/Database/Migrations/Migrator->repositoryExists()
#21 D:/BS CS/BS COSC SEM 6/nike-laravel/nike-laravel/vendor/laravel/framework/src/Illuminate/Database/Migrations/Migrator.php(641): Illuminate/Database/Console/Migrations/StatusCommand->Illuminate/Database/Console/Migrations/{closure}()
#22 D:/BS CS/BS COSC SEM 6/nike-laravel/nike-laravel/vendor/laravel/framework/src/Illuminate/Database/Console/Migrations/StatusCommand.php(52): Illuminate/Database/Migrations/Migrator->usingConnection(NULL, Object(Closure))
#23 D:/BS CS/BS COSC SEM 6/nike-laravel/nike-laravel/vendor/laravel/framework/src/Illuminate/Container/BoundMethod.php(36): Illuminate/Database/Console/Migrations/StatusCommand->handle()
#24 D:/BS CS/BS COSC SEM 6/nike-laravel/nike-laravel/vendor/laravel/framework/src/Illuminate/Container/Util.php(41): Illuminate/Container/BoundMethod::Illuminate/Container/{closure}()
#25 D:/BS CS/BS COSC SEM 6/nike-laravel/nike-laravel/vendor/laravel/framework/src/Illuminate/Container/BoundMethod.php(93): Illuminate/Container/Util::unwrapIfClosure(Object(Closure))
#26 D:/BS CS/BS COSC SEM 6/nike-laravel/nike-laravel/vendor/laravel/framework/src/Illuminate/Container/BoundMethod.php(35): Illuminate/Container/BoundMethod::callBoundMethod(Object(Illuminate/Foundation/Application), Array, Object(Closure))
#27 D:/BS CS/BS COSC SEM 6/nike-laravel/nike-laravel/vendor/laravel/framework/src/Illuminate/Container/Container.php(662): Illuminate/Container/BoundMethod::call(Object(Illuminate/Foundation/Application), Array, Array, NULL)
#28 D:/BS CS/BS COSC SEM 6/nike-laravel/nike-laravel/vendor/laravel/framework/src/Illuminate/Console/Command.php(211): Illuminate/Container/Container->call(Array)
#29 D:/BS CS/BS COSC SEM 6/nike-laravel/nike-laravel/vendor/symfony/console/Command/Command.php(326): Illuminate/Console/Command->execute(Object(Symfony/Component/Console/Input/ArgvInput), Object(Illuminate/Console/OutputStyle))
#30 D:/BS CS/BS COSC SEM 6/nike-laravel/nike-laravel/vendor/laravel/framework/src/Illuminate/Console/Command.php(180): Symfony/Component/Console/Command/Command->run(Object(Symfony/Component/Console/Input/ArgvInput), Object(Illuminate/Console/OutputStyle))
#31 D:/BS CS/BS COSC SEM 6/nike-laravel/nike-laravel/vendor/symfony/console/Application.php(1121): Illuminate/Console/Command->run(Object(Symfony/Component/Console/Input/ArgvInput), Object(Symfony/Component/Console/Output/ConsoleOutput))
#32 D:/BS CS/BS COSC SEM 6/nike-laravel/nike-laravel/vendor/symfony/console/Application.php(324): Symfony/Component/Console/Application->doRunCommand(Object(Illuminate/Database/Console/Migrations/StatusCommand), Object(Symfony/Component/Console/Input/ArgvInput), Object(Symfony/Component/Console/Output/ConsoleOutput))
#33 D:/BS CS/BS COSC SEM 6/nike-laravel/nike-laravel/vendor/symfony/console/Application.php(175): Symfony/Component/Console/Application->doRun(Object(Symfony/Component/Console/Input/ArgvInput), Object(Symfony/Component/Console/Output/ConsoleOutput))
#34 D:/BS CS/BS COSC SEM 6/nike-laravel/nike-laravel/vendor/laravel/framework/src/Illuminate/Foundation/Console/Kernel.php(201): Symfony/Component/Console/Application->run(Object(Symfony/Component/Console/Input/ArgvInput), Object(Symfony/Component/Console/Output/ConsoleOutput))
#35 D:/BS CS/BS COSC SEM 6/nike-laravel/nike-laravel/artisan(12): Illuminate/Foundation/Console/Kernel->handle(Object(Symfony/Component/Console/Input/ArgvInput), Object(Symfony/Component/Console/Output/ConsoleOutput))
#36 {main}
"} 
[2026-05-01 15:30:34] local.ERROR: SQLSTATE[HY000] [14] unable to open database file (Connection: sqlite, SQL: PRAGMA foreign_keys = ON;) {"exception":"[object] (Illuminate\\Database\\QueryException(code: 14): SQLSTATE[HY000] [14] unable to open database file (Connection: sqlite, SQL: PRAGMA foreign_keys = ON;) at D:/BS CS/BS COSC SEM 6/nike-laravel/nike-laravel/vendor/laravel/framework/src/Illuminate/Database/Connection.php:829)
[stacktrace]
#0 D:/BS CS/BS COSC SEM 6/nike-laravel/nike-laravel/vendor/laravel/framework/src/Illuminate/Database/Connection.php(783): Illuminate/Database/Connection->runQueryCallback('PRAGMA foreign_...', Array, Object(Closure))
#1 D:/BS CS/BS COSC SEM 6/nike-laravel/nike-laravel/vendor/laravel/framework/src/Illuminate/Database/Connection.php(576): Illuminate/Database/Connection->run('PRAGMA foreign_...', Array, Object(Closure))
#2 D:/BS CS/BS COSC SEM 6/nike-laravel/nike-laravel/vendor/laravel/framework/src/Illuminate/Database/Schema/Builder.php(560): Illuminate/Database/Connection->statement('PRAGMA foreign_...')
#3 D:/BS CS/BS COSC SEM 6/nike-laravel/nike-laravel/vendor/laravel/framework/src/Illuminate/Database/SQLiteConnection.php(36): Illuminate/Database/Schema/Builder->enableForeignKeyConstraints()
#4 D:/BS CS/BS COSC SEM 6/nike-laravel/nike-laravel/vendor/laravel/framework/src/Illuminate/Database/Connectors/ConnectionFactory.php(272): Illuminate/Database/SQLiteConnection->__construct(Object(Closure), 'database', '', Array)
#5 D:/BS CS/BS COSC SEM 6/nike-laravel/nike-laravel/vendor/laravel/framework/src/Illuminate/Database/Connectors/ConnectionFactory.php(75): Illuminate/Database/Connectors/ConnectionFactory->createConnection('sqlite', Object(Closure), 'database', '', Array)
#6 D:/BS CS/BS COSC SEM 6/nike-laravel/nike-laravel/vendor/laravel/framework/src/Illuminate/Database/Connectors/ConnectionFactory.php(50): Illuminate/Database/Connectors/ConnectionFactory->createSingleConnection(Array)
#7 D:/BS CS/BS COSC SEM 6/nike-laravel/nike-laravel/vendor/laravel/framework/src/Illuminate/Database/DatabaseManager.php(175): Illuminate/Database/Connectors/ConnectionFactory->make(Array, 'sqlite')
#8 D:/BS CS/BS COSC SEM 6/nike-laravel/nike-laravel/vendor/laravel/framework/src/Illuminate/Database/DatabaseManager.php(101): Illuminate/Database/DatabaseManager->makeConnection('sqlite')
#9 D:/BS CS/BS COSC SEM 6/nike-laravel/nike-laravel/vendor/laravel/framework/src/Illuminate/Database/Migrations/DatabaseMigrationRepository.php(226): Illuminate/Database/DatabaseManager->connection('sqlite')
#10 D:/BS CS/BS COSC SEM 6/nike-laravel/nike-laravel/vendor/laravel/framework/src/Illuminate/Database/Migrations/DatabaseMigrationRepository.php(182): Illuminate/Database/Migrations/DatabaseMigrationRepository->getConnection()
#11 D:/BS CS/BS COSC SEM 6/nike-laravel/nike-laravel/vendor/laravel/framework/src/Illuminate/Database/Migrations/Migrator.php(727): Illuminate/Database/Migrations/DatabaseMigrationRepository->repositoryExists()
#12 D:/BS CS/BS COSC SEM 6/nike-laravel/nike-laravel/vendor/laravel/framework/src/Illuminate/Database/Console/Migrations/MigrateCommand.php(140): Illuminate/Database/Migrations/Migrator->repositoryExists()
#13 D:/BS CS/BS COSC SEM 6/nike-laravel/nike-laravel/vendor/laravel/framework/src/Illuminate/Support/helpers.php(261): Illuminate/Database/Console/Migrations/MigrateCommand->Illuminate/Database/Console/Migrations/{closure}(1)
#14 D:/BS CS/BS COSC SEM 6/nike-laravel/nike-laravel/vendor/laravel/framework/src/Illuminate/Database/Console/Migrations/MigrateCommand.php(140): retry(1, Object(Closure), 0, Object(Closure))
#15 D:/BS CS/BS COSC SEM 6/nike-laravel/nike-laravel/vendor/laravel/framework/src/Illuminate/Database/Console/Migrations/MigrateCommand.php(116): Illuminate/Database/Console/Migrations/MigrateCommand->repositoryExists()
#16 D:/BS CS/BS COSC SEM 6/nike-laravel/nike-laravel/vendor/laravel/framework/src/Illuminate/Database/Console/Migrations/MigrateCommand.php(84): Illuminate/Database/Console/Migrations/MigrateCommand->prepareDatabase()
#17 D:/BS CS/BS COSC SEM 6/nike-laravel/nike-laravel/vendor/laravel/framework/src/Illuminate/Database/Migrations/Migrator.php(641): Illuminate/Database/Console/Migrations/MigrateCommand->Illuminate/Database/Console/Migrations/{closure}()
#18 D:/BS CS/BS COSC SEM 6/nike-laravel/nike-laravel/vendor/laravel/framework/src/Illuminate/Database/Console/Migrations/MigrateCommand.php(83): Illuminate/Database/Migrations/Migrator->usingConnection(NULL, Object(Closure))
#19 D:/BS CS/BS COSC SEM 6/nike-laravel/nike-laravel/vendor/laravel/framework/src/Illuminate/Container/BoundMethod.php(36): Illuminate/Database/Console/Migrations/MigrateCommand->handle()
#20 D:/BS CS/BS COSC SEM 6/nike-laravel/nike-laravel/vendor/laravel/framework/src/Illuminate/Container/Util.php(41): Illuminate/Container/BoundMethod::Illuminate/Container/{closure}()
#21 D:/BS CS/BS COSC SEM 6/nike-laravel/nike-laravel/vendor/laravel/framework/src/Illuminate/Container/BoundMethod.php(93): Illuminate/Container/Util::unwrapIfClosure(Object(Closure))
#22 D:/BS CS/BS COSC SEM 6/nike-laravel/nike-laravel/vendor/laravel/framework/src/Illuminate/Container/BoundMethod.php(35): Illuminate/Container/BoundMethod::callBoundMethod(Object(Illuminate/Foundation/Application), Array, Object(Closure))
#23 D:/BS CS/BS COSC SEM 6/nike-laravel/nike-laravel/vendor/laravel/framework/src/Illuminate/Container/Container.php(662): Illuminate/Container/BoundMethod::call(Object(Illuminate/Foundation/Application), Array, Array, NULL)
#24 D:/BS CS/BS COSC SEM 6/nike-laravel/nike-laravel/vendor/laravel/framework/src/Illuminate/Console/Command.php(211): Illuminate/Container/Container->call(Array)
#25 D:/BS CS/BS COSC SEM 6/nike-laravel/nike-laravel/vendor/symfony/console/Command/Command.php(326): Illuminate/Console/Command->execute(Object(Symfony/Component/Console/Input/ArgvInput), Object(Illuminate/Console/OutputStyle))
#26 D:/BS CS/BS COSC SEM 6/nike-laravel/nike-laravel/vendor/laravel/framework/src/Illuminate/Console/Command.php(180): Symfony/Component/Console/Command/Command->run(Object(Symfony/Component/Console/Input/ArgvInput), Object(Illuminate/Console/OutputStyle))
#27 D:/BS CS/BS COSC SEM 6/nike-laravel/nike-laravel/vendor/symfony/console/Application.php(1121): Illuminate/Console/Command->run(Object(Symfony/Component/Console/Input/ArgvInput), Object(Symfony/Component/Console/Output/ConsoleOutput))
#28 D:/BS CS/BS COSC SEM 6/nike-laravel/nike-laravel/vendor/symfony/console/Application.php(324): Symfony/Component/Console/Application->doRunCommand(Object(Illuminate/Database/Console/Migrations/MigrateCommand), Object(Symfony/Component/Console/Input/ArgvInput), Object(Symfony/Component/Console/Output/ConsoleOutput))
#29 D:/BS CS/BS COSC SEM 6/nike-laravel/nike-laravel/vendor/symfony/console/Application.php(175): Symfony/Component/Console/Application->doRun(Object(Symfony/Component/Console/Input/ArgvInput), Object(Symfony/Component/Console/Output/ConsoleOutput))
#30 D:/BS CS/BS COSC SEM 6/nike-laravel/nike-laravel/vendor/laravel/framework/src/Illuminate/Foundation/Console/Kernel.php(201): Symfony/Component/Console/Application->run(Object(Symfony/Component/Console/Input/ArgvInput), Object(Symfony/Component/Console/Output/ConsoleOutput))
#31 D:/BS CS/BS COSC SEM 6/nike-laravel/nike-laravel/artisan(12): Illuminate/Foundation/Console/Kernel->handle(Object(Symfony/Component/Console/Input/ArgvInput), Object(Symfony/Component/Console/Output/ConsoleOutput))
#32 {main}

[previous exception] [object] (PDOException(code: 14): SQLSTATE[HY000] [14] unable to open database file at D:/BS CS/BS COSC SEM 6/nike-laravel/nike-laravel/vendor/laravel/framework/src/Illuminate/Database/Connectors/Connector.php:65)
[stacktrace]
#0 D:/BS CS/BS COSC SEM 6/nike-laravel/nike-laravel/vendor/laravel/framework/src/Illuminate/Database/Connectors/Connector.php(65): PDO->__construct('sqlite:D://BS CS...', NULL, Object(SensitiveParameterValue), Array)
#1 D:/BS CS/BS COSC SEM 6/nike-laravel/nike-laravel/vendor/laravel/framework/src/Illuminate/Database/Connectors/Connector.php(44): Illuminate/Database/Connectors/Connector->createPdoConnection('sqlite:D://BS CS...', NULL, NULL, Array)
#2 D:/BS CS/BS COSC SEM 6/nike-laravel/nike-laravel/vendor/laravel/framework/src/Illuminate/Database/Connectors/SQLiteConnector.php(37): Illuminate/Database/Connectors/Connector->createConnection('sqlite:D://BS CS...', Array, Array)
#3 D:/BS CS/BS COSC SEM 6/nike-laravel/nike-laravel/vendor/laravel/framework/src/Illuminate/Database/Connectors/ConnectionFactory.php(221): Illuminate/Database/Connectors/SQLiteConnector->connect(Array)
#4 [internal function]: Illuminate/Database/Connectors/ConnectionFactory->Illuminate/Database/Connectors/{closure}()
#5 D:/BS CS/BS COSC SEM 6/nike-laravel/nike-laravel/vendor/laravel/framework/src/Illuminate/Database/Connection.php(1339): call_user_func(Object(Closure))
#6 D:/BS CS/BS COSC SEM 6/nike-laravel/nike-laravel/vendor/laravel/framework/src/Illuminate/Database/Connection.php(581): Illuminate/Database/Connection->getPdo()
#7 D:/BS CS/BS COSC SEM 6/nike-laravel/nike-laravel/vendor/laravel/framework/src/Illuminate/Database/Connection.php(816): Illuminate/Database/Connection->Illuminate/Database/{closure}('PRAGMA foreign_...', Array)
#8 D:/BS CS/BS COSC SEM 6/nike-laravel/nike-laravel/vendor/laravel/framework/src/Illuminate/Database/Connection.php(783): Illuminate/Database/Connection->runQueryCallback('PRAGMA foreign_...', Array, Object(Closure))
#9 D:/BS CS/BS COSC SEM 6/nike-laravel/nike-laravel/vendor/laravel/framework/src/Illuminate/Database/Connection.php(576): Illuminate/Database/Connection->run('PRAGMA foreign_...', Array, Object(Closure))
#10 D:/BS CS/BS COSC SEM 6/nike-laravel/nike-laravel/vendor/laravel/framework/src/Illuminate/Database/Schema/Builder.php(560): Illuminate/Database/Connection->statement('PRAGMA foreign_...')
#11 D:/BS CS/BS COSC SEM 6/nike-laravel/nike-laravel/vendor/laravel/framework/src/Illuminate/Database/SQLiteConnection.php(36): Illuminate/Database/Schema/Builder->enableForeignKeyConstraints()
#12 D:/BS CS/BS COSC SEM 6/nike-laravel/nike-laravel/vendor/laravel/framework/src/Illuminate/Database/Connectors/ConnectionFactory.php(272): Illuminate/Database/SQLiteConnection->__construct(Object(Closure), 'database', '', Array)
#13 D:/BS CS/BS COSC SEM 6/nike-laravel/nike-laravel/vendor/laravel/framework/src/Illuminate/Database/Connectors/ConnectionFactory.php(75): Illuminate/Database/Connectors/ConnectionFactory->createConnection('sqlite', Object(Closure), 'database', '', Array)
#14 D:/BS CS/BS COSC SEM 6/nike-laravel/nike-laravel/vendor/laravel/framework/src/Illuminate/Database/Connectors/ConnectionFactory.php(50): Illuminate/Database/Connectors/ConnectionFactory->createSingleConnection(Array)
#15 D:/BS CS/BS COSC SEM 6/nike-laravel/nike-laravel/vendor/laravel/framework/src/Illuminate/Database/DatabaseManager.php(175): Illuminate/Database/Connectors/ConnectionFactory->make(Array, 'sqlite')
#16 D:/BS CS/BS COSC SEM 6/nike-laravel/nike-laravel/vendor/laravel/framework/src/Illuminate/Database/DatabaseManager.php(101): Illuminate/Database/DatabaseManager->makeConnection('sqlite')
#17 D:/BS CS/BS COSC SEM 6/nike-laravel/nike-laravel/vendor/laravel/framework/src/Illuminate/Database/Migrations/DatabaseMigrationRepository.php(226): Illuminate/Database/DatabaseManager->connection('sqlite')
#18 D:/BS CS/BS COSC SEM 6/nike-laravel/nike-laravel/vendor/laravel/framework/src/Illuminate/Database/Migrations/DatabaseMigrationRepository.php(182): Illuminate/Database/Migrations/DatabaseMigrationRepository->getConnection()
#19 D:/BS CS/BS COSC SEM 6/nike-laravel/nike-laravel/vendor/laravel/framework/src/Illuminate/Database/Migrations/Migrator.php(727): Illuminate/Database/Migrations/DatabaseMigrationRepository->repositoryExists()
#20 D:/BS CS/BS COSC SEM 6/nike-laravel/nike-laravel/vendor/laravel/framework/src/Illuminate/Database/Console/Migrations/MigrateCommand.php(140): Illuminate/Database/Migrations/Migrator->repositoryExists()
#21 D:/BS CS/BS COSC SEM 6/nike-laravel/nike-laravel/vendor/laravel/framework/src/Illuminate/Support/helpers.php(261): Illuminate/Database/Console/Migrations/MigrateCommand->Illuminate/Database/Console/Migrations/{closure}(1)
#22 D:/BS CS/BS COSC SEM 6/nike-laravel/nike-laravel/vendor/laravel/framework/src/Illuminate/Database/Console/Migrations/MigrateCommand.php(140): retry(1, Object(Closure), 0, Object(Closure))
#23 D:/BS CS/BS COSC SEM 6/nike-laravel/nike-laravel/vendor/laravel/framework/src/Illuminate/Database/Console/Migrations/MigrateCommand.php(116): Illuminate/Database/Console/Migrations/MigrateCommand->repositoryExists()
#24 D:/BS CS/BS COSC SEM 6/nike-laravel/nike-laravel/vendor/laravel/framework/src/Illuminate/Database/Console/Migrations/MigrateCommand.php(84): Illuminate/Database/Console/Migrations/MigrateCommand->prepareDatabase()
#25 D:/BS CS/BS COSC SEM 6/nike-laravel/nike-laravel/vendor/laravel/framework/src/Illuminate/Database/Migrations/Migrator.php(641): Illuminate/Database/Console/Migrations/MigrateCommand->Illuminate/Database/Console/Migrations/{closure}()
#26 D:/BS CS/BS COSC SEM 6/nike-laravel/nike-laravel/vendor/laravel/framework/src/Illuminate/Database/Console/Migrations/MigrateCommand.php(83): Illuminate/Database/Migrations/Migrator->usingConnection(NULL, Object(Closure))
#27 D:/BS CS/BS COSC SEM 6/nike-laravel/nike-laravel/vendor/laravel/framework/src/Illuminate/Container/BoundMethod.php(36): Illuminate/Database/Console/Migrations/MigrateCommand->handle()
#28 D:/BS CS/BS COSC SEM 6/nike-laravel/nike-laravel/vendor/laravel/framework/src/Illuminate/Container/Util.php(41): Illuminate/Container/BoundMethod::Illuminate/Container/{closure}()
#29 D:/BS CS/BS COSC SEM 6/nike-laravel/nike-laravel/vendor/laravel/framework/src/Illuminate/Container/BoundMethod.php(93): Illuminate/Container/Util::unwrapIfClosure(Object(Closure))
#30 D:/BS CS/BS COSC SEM 6/nike-laravel/nike-laravel/vendor/laravel/framework/src/Illuminate/Container/BoundMethod.php(35): Illuminate/Container/BoundMethod::callBoundMethod(Object(Illuminate/Foundation/Application), Array, Object(Closure))
#31 D:/BS CS/BS COSC SEM 6/nike-laravel/nike-laravel/vendor/laravel/framework/src/Illuminate/Container/Container.php(662): Illuminate/Container/BoundMethod::call(Object(Illuminate/Foundation/Application), Array, Array, NULL)
#32 D:/BS CS/BS COSC SEM 6/nike-laravel/nike-laravel/vendor/laravel/framework/src/Illuminate/Console/Command.php(211): Illuminate/Container/Container->call(Array)
#33 D:/BS CS/BS COSC SEM 6/nike-laravel/nike-laravel/vendor/symfony/console/Command/Command.php(326): Illuminate/Console/Command->execute(Object(Symfony/Component/Console/Input/ArgvInput), Object(Illuminate/Console/OutputStyle))
#34 D:/BS CS/BS COSC SEM 6/nike-laravel/nike-laravel/vendor/laravel/framework/src/Illuminate/Console/Command.php(180): Symfony/Component/Console/Command/Command->run(Object(Symfony/Component/Console/Input/ArgvInput), Object(Illuminate/Console/OutputStyle))
#35 D:/BS CS/BS COSC SEM 6/nike-laravel/nike-laravel/vendor/symfony/console/Application.php(1121): Illuminate/Console/Command->run(Object(Symfony/Component/Console/Input/ArgvInput), Object(Symfony/Component/Console/Output/ConsoleOutput))
#36 D:/BS CS/BS COSC SEM 6/nike-laravel/nike-laravel/vendor/symfony/console/Application.php(324): Symfony/Component/Console/Application->doRunCommand(Object(Illuminate/Database/Console/Migrations/MigrateCommand), Object(Symfony/Component/Console/Input/ArgvInput), Object(Symfony/Component/Console/Output/ConsoleOutput))
#37 D:/BS CS/BS COSC SEM 6/nike-laravel/nike-laravel/vendor/symfony/console/Application.php(175): Symfony/Component/Console/Application->doRun(Object(Symfony/Component/Console/Input/ArgvInput), Object(Symfony/Component/Console/Output/ConsoleOutput))
#38 D:/BS CS/BS COSC SEM 6/nike-laravel/nike-laravel/vendor/laravel/framework/src/Illuminate/Foundation/Console/Kernel.php(201): Symfony/Component/Console/Application->run(Object(Symfony/Component/Console/Input/ArgvInput), Object(Symfony/Component/Console/Output/ConsoleOutput))
#39 D:/BS CS/BS COSC SEM 6/nike-laravel/nike-laravel/artisan(12): Illuminate/Foundation/Console/Kernel->handle(Object(Symfony/Component/Console/Input/ArgvInput), Object(Symfony/Component/Console/Output/ConsoleOutput))
#40 {main}
"} 
[2026-05-01 16:01:09] local.ERROR: Database file at path [database/database.sqlite] does not exist. Ensure this is an absolute path to the database. (Connection: sqlite, SQL: PRAGMA foreign_keys = ON;) {"exception":"[object] (Illuminate\\Database\\QueryException(code: 0): Database file at path [database/database.sqlite] does not exist. Ensure this is an absolute path to the database. (Connection: sqlite, SQL: PRAGMA foreign_keys = ON;) at D:/BS CS/BS COSC SEM 6/nike-laravel/nike-laravel/vendor/laravel/framework/src/Illuminate/Database/Connection.php:829)
[stacktrace]
#0 D:/BS CS/BS COSC SEM 6/nike-laravel/nike-laravel/vendor/laravel/framework/src/Illuminate/Database/Connection.php(783): Illuminate/Database/Connection->runQueryCallback('PRAGMA foreign_...', Array, Object(Closure))
#1 D:/BS CS/BS COSC SEM 6/nike-laravel/nike-laravel/vendor/laravel/framework/src/Illuminate/Database/Connection.php(576): Illuminate/Database/Connection->run('PRAGMA foreign_...', Array, Object(Closure))
#2 D:/BS CS/BS COSC SEM 6/nike-laravel/nike-laravel/vendor/laravel/framework/src/Illuminate/Database/Schema/Builder.php(560): Illuminate/Database/Connection->statement('PRAGMA foreign_...')
#3 D:/BS CS/BS COSC SEM 6/nike-laravel/nike-laravel/vendor/laravel/framework/src/Illuminate/Database/SQLiteConnection.php(36): Illuminate/Database/Schema/Builder->enableForeignKeyConstraints()
#4 D:/BS CS/BS COSC SEM 6/nike-laravel/nike-laravel/vendor/laravel/framework/src/Illuminate/Database/Connectors/ConnectionFactory.php(272): Illuminate/Database/SQLiteConnection->__construct(Object(Closure), 'database/databa...', '', Array)
#5 D:/BS CS/BS COSC SEM 6/nike-laravel/nike-laravel/vendor/laravel/framework/src/Illuminate/Database/Connectors/ConnectionFactory.php(75): Illuminate/Database/Connectors/ConnectionFactory->createConnection('sqlite', Object(Closure), 'database/databa...', '', Array)
#6 D:/BS CS/BS COSC SEM 6/nike-laravel/nike-laravel/vendor/laravel/framework/src/Illuminate/Database/Connectors/ConnectionFactory.php(50): Illuminate/Database/Connectors/ConnectionFactory->createSingleConnection(Array)
#7 D:/BS CS/BS COSC SEM 6/nike-laravel/nike-laravel/vendor/laravel/framework/src/Illuminate/Database/DatabaseManager.php(175): Illuminate/Database/Connectors/ConnectionFactory->make(Array, 'sqlite')
#8 D:/BS CS/BS COSC SEM 6/nike-laravel/nike-laravel/vendor/laravel/framework/src/Illuminate/Database/DatabaseManager.php(101): Illuminate/Database/DatabaseManager->makeConnection('sqlite')
#9 D:/BS CS/BS COSC SEM 6/nike-laravel/nike-laravel/vendor/laravel/framework/src/Illuminate/Database/Eloquent/Model.php(1820): Illuminate/Database/DatabaseManager->connection('sqlite')
#10 D:/BS CS/BS COSC SEM 6/nike-laravel/nike-laravel/vendor/laravel/framework/src/Illuminate/Database/Eloquent/Model.php(1786): Illuminate/Database/Eloquent/Model::resolveConnection(NULL)
#11 D:/BS CS/BS COSC SEM 6/nike-laravel/nike-laravel/vendor/laravel/framework/src/Illuminate/Database/Eloquent/Model.php(1577): Illuminate/Database/Eloquent/Model->getConnection()
#12 D:/BS CS/BS COSC SEM 6/nike-laravel/nike-laravel/vendor/laravel/framework/src/Illuminate/Database/Eloquent/Model.php(1496): Illuminate/Database/Eloquent/Model->newBaseQueryBuilder()
#13 D:/BS CS/BS COSC SEM 6/nike-laravel/nike-laravel/vendor/laravel/framework/src/Illuminate/Database/Eloquent/Model.php(1532): Illuminate/Database/Eloquent/Model->newModelQuery()
#14 D:/BS CS/BS COSC SEM 6/nike-laravel/nike-laravel/vendor/laravel/framework/src/Illuminate/Database/Eloquent/Model.php(1485): Illuminate/Database/Eloquent/Model->newQueryWithoutScopes()
#15 D:/BS CS/BS COSC SEM 6/nike-laravel/nike-laravel/vendor/laravel/framework/src/Illuminate/Database/Eloquent/Model.php(2335): Illuminate/Database/Eloquent/Model->newQuery()
#16 D:/BS CS/BS COSC SEM 6/nike-laravel/nike-laravel/vendor/laravel/framework/src/Illuminate/Database/Eloquent/Model.php(2347): Illuminate/Database/Eloquent/Model->__call('inStock', Array)
#17 D:/BS CS/BS COSC SEM 6/nike-laravel/nike-laravel/app/Http/Controllers/ShopController.php(8): Illuminate/Database/Eloquent/Model::__callStatic('inStock', Array)
#18 D:/BS CS/BS COSC SEM 6/nike-laravel/nike-laravel/vendor/laravel/framework/src/Illuminate/Routing/Controller.php(54): App/Http/Controllers/ShopController->home()
#19 D:/BS CS/BS COSC SEM 6/nike-laravel/nike-laravel/vendor/laravel/framework/src/Illuminate/Routing/ControllerDispatcher.php(43): Illuminate/Routing/Controller->callAction('home', Array)
#20 D:/BS CS/BS COSC SEM 6/nike-laravel/nike-laravel/vendor/laravel/framework/src/Illuminate/Routing/Route.php(259): Illuminate/Routing/ControllerDispatcher->dispatch(Object(Illuminate/Routing/Route), Object(App/Http/Controllers/ShopController), 'home')
#21 D:/BS CS/BS COSC SEM 6/nike-laravel/nike-laravel/vendor/laravel/framework/src/Illuminate/Routing/Route.php(205): Illuminate/Routing/Route->runController()
#22 D:/BS CS/BS COSC SEM 6/nike-laravel/nike-laravel/vendor/laravel/framework/src/Illuminate/Routing/Router.php(806): Illuminate/Routing/Route->run()
#23 D:/BS CS/BS COSC SEM 6/nike-laravel/nike-laravel/vendor/laravel/framework/src/Illuminate/Pipeline/Pipeline.php(144): Illuminate/Routing/Router->Illuminate/Routing/{closure}(Object(Illuminate/Http/Request))
#24 D:/BS CS/BS COSC SEM 6/nike-laravel/nike-laravel/vendor/laravel/framework/src/Illuminate/Routing/Middleware/SubstituteBindings.php(50): Illuminate/Pipeline/Pipeline->Illuminate/Pipeline/{closure}(Object(Illuminate/Http/Request))
#25 D:/BS CS/BS COSC SEM 6/nike-laravel/nike-laravel/vendor/laravel/framework/src/Illuminate/Pipeline/Pipeline.php(183): Illuminate/Routing/Middleware/SubstituteBindings->handle(Object(Illuminate/Http/Request), Object(Closure))
#26 D:/BS CS/BS COSC SEM 6/nike-laravel/nike-laravel/vendor/laravel/framework/src/Illuminate/Foundation/Http/Middleware/VerifyCsrfToken.php(78): Illuminate/Pipeline/Pipeline->Illuminate/Pipeline/{closure}(Object(Illuminate/Http/Request))
#27 D:/BS CS/BS COSC SEM 6/nike-laravel/nike-laravel/vendor/laravel/framework/src/Illuminate/Pipeline/Pipeline.php(183): Illuminate/Foundation/Http/Middleware/VerifyCsrfToken->handle(Object(Illuminate/Http/Request), Object(Closure))
#28 D:/BS CS/BS COSC SEM 6/nike-laravel/nike-laravel/vendor/laravel/framework/src/Illuminate/View/Middleware/ShareErrorsFromSession.php(49): Illuminate/Pipeline/Pipeline->Illuminate/Pipeline/{closure}(Object(Illuminate/Http/Request))
#29 D:/BS CS/BS COSC SEM 6/nike-laravel/nike-laravel/vendor/laravel/framework/src/Illuminate/Pipeline/Pipeline.php(183): Illuminate/View/Middleware/ShareErrorsFromSession->handle(Object(Illuminate/Http/Request), Object(Closure))
#30 D:/BS CS/BS COSC SEM 6/nike-laravel/nike-laravel/vendor/laravel/framework/src/Illuminate/Session/Middleware/StartSession.php(121): Illuminate/Pipeline/Pipeline->Illuminate/Pipeline/{closure}(Object(Illuminate/Http/Request))
#31 D:/BS CS/BS COSC SEM 6/nike-laravel/nike-laravel/vendor/laravel/framework/src/Illuminate/Session/Middleware/StartSession.php(64): Illuminate/Session/Middleware/StartSession->handleStatefulRequest(Object(Illuminate/Http/Request), Object(Illuminate/Session/Store), Object(Closure))
#32 D:/BS CS/BS COSC SEM 6/nike-laravel/nike-laravel/vendor/laravel/framework/src/Illuminate/Pipeline/Pipeline.php(183): Illuminate/Session/Middleware/StartSession->handle(Object(Illuminate/Http/Request), Object(Closure))
#33 D:/BS CS/BS COSC SEM 6/nike-laravel/nike-laravel/vendor/laravel/framework/src/Illuminate/Cookie/Middleware/AddQueuedCookiesToResponse.php(37): Illuminate/Pipeline/Pipeline->Illuminate/Pipeline/{closure}(Object(Illuminate/Http/Request))
#34 D:/BS CS/BS COSC SEM 6/nike-laravel/nike-laravel/vendor/laravel/framework/src/Illuminate/Pipeline/Pipeline.php(183): Illuminate/Cookie/Middleware/AddQueuedCookiesToResponse->handle(Object(Illuminate/Http/Request), Object(Closure))
#35 D:/BS CS/BS COSC SEM 6/nike-laravel/nike-laravel/vendor/laravel/framework/src/Illuminate/Cookie/Middleware/EncryptCookies.php(67): Illuminate/Pipeline/Pipeline->Illuminate/Pipeline/{closure}(Object(Illuminate/Http/Request))
#36 D:/BS CS/BS COSC SEM 6/nike-laravel/nike-laravel/vendor/laravel/framework/src/Illuminate/Pipeline/Pipeline.php(183): Illuminate/Cookie/Middleware/EncryptCookies->handle(Object(Illuminate/Http/Request), Object(Closure))
#37 D:/BS CS/BS COSC SEM 6/nike-laravel/nike-laravel/vendor/laravel/framework/src/Illuminate/Pipeline/Pipeline.php(119): Illuminate/Pipeline/Pipeline->Illuminate/Pipeline/{closure}(Object(Illuminate/Http/Request))
#38 D:/BS CS/BS COSC SEM 6/nike-laravel/nike-laravel/vendor/laravel/framework/src/Illuminate/Routing/Router.php(805): Illuminate/Pipeline/Pipeline->then(Object(Closure))
#39 D:/BS CS/BS COSC SEM 6/nike-laravel/nike-laravel/vendor/laravel/framework/src/Illuminate/Routing/Router.php(784): Illuminate/Routing/Router->runRouteWithinStack(Object(Illuminate/Routing/Route), Object(Illuminate/Http/Request))
#40 D:/BS CS/BS COSC SEM 6/nike-laravel/nike-laravel/vendor/laravel/framework/src/Illuminate/Routing/Router.php(748): Illuminate/Routing/Router->runRoute(Object(Illuminate/Http/Request), Object(Illuminate/Routing/Route))
#41 D:/BS CS/BS COSC SEM 6/nike-laravel/nike-laravel/vendor/laravel/framework/src/Illuminate/Routing/Router.php(737): Illuminate/Routing/Router->dispatchToRoute(Object(Illuminate/Http/Request))
#42 D:/BS CS/BS COSC SEM 6/nike-laravel/nike-laravel/vendor/laravel/framework/src/Illuminate/Foundation/Http/Kernel.php(200): Illuminate/Routing/Router->dispatch(Object(Illuminate/Http/Request))
#43 D:/BS CS/BS COSC SEM 6/nike-laravel/nike-laravel/vendor/laravel/framework/src/Illuminate/Pipeline/Pipeline.php(144): Illuminate/Foundation/Http/Kernel->Illuminate/Foundation/Http/{closure}(Object(Illuminate/Http/Request))
#44 D:/BS CS/BS COSC SEM 6/nike-laravel/nike-laravel/vendor/laravel/framework/src/Illuminate/Foundation/Http/Middleware/TransformsRequest.php(21): Illuminate/Pipeline/Pipeline->Illuminate/Pipeline/{closure}(Object(Illuminate/Http/Request))
#45 D:/BS CS/BS COSC SEM 6/nike-laravel/nike-laravel/vendor/laravel/framework/src/Illuminate/Foundation/Http/Middleware/ConvertEmptyStringsToNull.php(31): Illuminate/Foundation/Http/Middleware/TransformsRequest->handle(Object(Illuminate/Http/Request), Object(Closure))
#46 D:/BS CS/BS COSC SEM 6/nike-laravel/nike-laravel/vendor/laravel/framework/src/Illuminate/Pipeline/Pipeline.php(183): Illuminate/Foundation/Http/Middleware/ConvertEmptyStringsToNull->handle(Object(Illuminate/Http/Request), Object(Closure))
#47 D:/BS CS/BS COSC SEM 6/nike-laravel/nike-laravel/vendor/laravel/framework/src/Illuminate/Foundation/Http/Middleware/ValidatePostSize.php(27): Illuminate/Pipeline/Pipeline->Illuminate/Pipeline/{closure}(Object(Illuminate/Http/Request))
#48 D:/BS CS/BS COSC SEM 6/nike-laravel/nike-laravel/vendor/laravel/framework/src/Illuminate/Pipeline/Pipeline.php(183): Illuminate/Foundation/Http/Middleware/ValidatePostSize->handle(Object(Illuminate/Http/Request), Object(Closure))
#49 D:/BS CS/BS COSC SEM 6/nike-laravel/nike-laravel/vendor/laravel/framework/src/Illuminate/Foundation/Http/Middleware/PreventRequestsDuringMaintenance.php(99): Illuminate/Pipeline/Pipeline->Illuminate/Pipeline/{closure}(Object(Illuminate/Http/Request))
#50 D:/BS CS/BS COSC SEM 6/nike-laravel/nike-laravel/vendor/laravel/framework/src/Illuminate/Pipeline/Pipeline.php(183): Illuminate/Foundation/Http/Middleware/PreventRequestsDuringMaintenance->handle(Object(Illuminate/Http/Request), Object(Closure))
#51 D:/BS CS/BS COSC SEM 6/nike-laravel/nike-laravel/vendor/laravel/framework/src/Illuminate/Pipeline/Pipeline.php(119): Illuminate/Pipeline/Pipeline->Illuminate/Pipeline/{closure}(Object(Illuminate/Http/Request))
#52 D:/BS CS/BS COSC SEM 6/nike-laravel/nike-laravel/vendor/laravel/framework/src/Illuminate/Foundation/Http/Kernel.php(175): Illuminate/Pipeline/Pipeline->then(Object(Closure))
#53 D:/BS CS/BS COSC SEM 6/nike-laravel/nike-laravel/vendor/laravel/framework/src/Illuminate/Foundation/Http/Kernel.php(144): Illuminate/Foundation/Http/Kernel->sendRequestThroughRouter(Object(Illuminate/Http/Request))
#54 D:/BS CS/BS COSC SEM 6/nike-laravel/nike-laravel/public/index.php(23): Illuminate/Foundation/Http/Kernel->handle(Object(Illuminate/Http/Request))
#55 D:/BS CS/BS COSC SEM 6/nike-laravel/nike-laravel/vendor/laravel/framework/src/Illuminate/Foundation/resources/server.php(16): require_once('D://BS CS//BS COS...')
#56 {main}

[previous exception] [object] (Illuminate\\Database\\SQLiteDatabaseDoesNotExistException(code: 0): Database file at path [database/database.sqlite] does not exist. Ensure this is an absolute path to the database. at D:/BS CS/BS COSC SEM 6/nike-laravel/nike-laravel/vendor/laravel/framework/src/Illuminate/Database/Connectors/SQLiteConnector.php:34)
[stacktrace]
#0 D:/BS CS/BS COSC SEM 6/nike-laravel/nike-laravel/vendor/laravel/framework/src/Illuminate/Database/Connectors/ConnectionFactory.php(221): Illuminate/Database/Connectors/SQLiteConnector->connect(Array)
#1 [internal function]: Illuminate/Database/Connectors/ConnectionFactory->Illuminate/Database/Connectors/{closure}()
#2 D:/BS CS/BS COSC SEM 6/nike-laravel/nike-laravel/vendor/laravel/framework/src/Illuminate/Database/Connection.php(1339): call_user_func(Object(Closure))
#3 D:/BS CS/BS COSC SEM 6/nike-laravel/nike-laravel/vendor/laravel/framework/src/Illuminate/Database/Connection.php(581): Illuminate/Database/Connection->getPdo()
#4 D:/BS CS/BS COSC SEM 6/nike-laravel/nike-laravel/vendor/laravel/framework/src/Illuminate/Database/Connection.php(816): Illuminate/Database/Connection->Illuminate/Database/{closure}('PRAGMA foreign_...', Array)
#5 D:/BS CS/BS COSC SEM 6/nike-laravel/nike-laravel/vendor/laravel/framework/src/Illuminate/Database/Connection.php(783): Illuminate/Database/Connection->runQueryCallback('PRAGMA foreign_...', Array, Object(Closure))
#6 D:/BS CS/BS COSC SEM 6/nike-laravel/nike-laravel/vendor/laravel/framework/src/Illuminate/Database/Connection.php(576): Illuminate/Database/Connection->run('PRAGMA foreign_...', Array, Object(Closure))
#7 D:/BS CS/BS COSC SEM 6/nike-laravel/nike-laravel/vendor/laravel/framework/src/Illuminate/Database/Schema/Builder.php(560): Illuminate/Database/Connection->statement('PRAGMA foreign_...')
#8 D:/BS CS/BS COSC SEM 6/nike-laravel/nike-laravel/vendor/laravel/framework/src/Illuminate/Database/SQLiteConnection.php(36): Illuminate/Database/Schema/Builder->enableForeignKeyConstraints()
#9 D:/BS CS/BS COSC SEM 6/nike-laravel/nike-laravel/vendor/laravel/framework/src/Illuminate/Database/Connectors/ConnectionFactory.php(272): Illuminate/Database/SQLiteConnection->__construct(Object(Closure), 'database/databa...', '', Array)
#10 D:/BS CS/BS COSC SEM 6/nike-laravel/nike-laravel/vendor/laravel/framework/src/Illuminate/Database/Connectors/ConnectionFactory.php(75): Illuminate/Database/Connectors/ConnectionFactory->createConnection('sqlite', Object(Closure), 'database/databa...', '', Array)
#11 D:/BS CS/BS COSC SEM 6/nike-laravel/nike-laravel/vendor/laravel/framework/src/Illuminate/Database/Connectors/ConnectionFactory.php(50): Illuminate/Database/Connectors/ConnectionFactory->createSingleConnection(Array)
#12 D:/BS CS/BS COSC SEM 6/nike-laravel/nike-laravel/vendor/laravel/framework/src/Illuminate/Database/DatabaseManager.php(175): Illuminate/Database/Connectors/ConnectionFactory->make(Array, 'sqlite')
#13 D:/BS CS/BS COSC SEM 6/nike-laravel/nike-laravel/vendor/laravel/framework/src/Illuminate/Database/DatabaseManager.php(101): Illuminate/Database/DatabaseManager->makeConnection('sqlite')
#14 D:/BS CS/BS COSC SEM 6/nike-laravel/nike-laravel/vendor/laravel/framework/src/Illuminate/Database/Eloquent/Model.php(1820): Illuminate/Database/DatabaseManager->connection('sqlite')
#15 D:/BS CS/BS COSC SEM 6/nike-laravel/nike-laravel/vendor/laravel/framework/src/Illuminate/Database/Eloquent/Model.php(1786): Illuminate/Database/Eloquent/Model::resolveConnection(NULL)
#16 D:/BS CS/BS COSC SEM 6/nike-laravel/nike-laravel/vendor/laravel/framework/src/Illuminate/Database/Eloquent/Model.php(1577): Illuminate/Database/Eloquent/Model->getConnection()
#17 D:/BS CS/BS COSC SEM 6/nike-laravel/nike-laravel/vendor/laravel/framework/src/Illuminate/Database/Eloquent/Model.php(1496): Illuminate/Database/Eloquent/Model->newBaseQueryBuilder()
#18 D:/BS CS/BS COSC SEM 6/nike-laravel/nike-laravel/vendor/laravel/framework/src/Illuminate/Database/Eloquent/Model.php(1532): Illuminate/Database/Eloquent/Model->newModelQuery()
#19 D:/BS CS/BS COSC SEM 6/nike-laravel/nike-laravel/vendor/laravel/framework/src/Illuminate/Database/Eloquent/Model.php(1485): Illuminate/Database/Eloquent/Model->newQueryWithoutScopes()
#20 D:/BS CS/BS COSC SEM 6/nike-laravel/nike-laravel/vendor/laravel/framework/src/Illuminate/Database/Eloquent/Model.php(2335): Illuminate/Database/Eloquent/Model->newQuery()
#21 D:/BS CS/BS COSC SEM 6/nike-laravel/nike-laravel/vendor/laravel/framework/src/Illuminate/Database/Eloquent/Model.php(2347): Illuminate/Database/Eloquent/Model->__call('inStock', Array)
#22 D:/BS CS/BS COSC SEM 6/nike-laravel/nike-laravel/app/Http/Controllers/ShopController.php(8): Illuminate/Database/Eloquent/Model::__callStatic('inStock', Array)
#23 D:/BS CS/BS COSC SEM 6/nike-laravel/nike-laravel/vendor/laravel/framework/src/Illuminate/Routing/Controller.php(54): App/Http/Controllers/ShopController->home()
#24 D:/BS CS/BS COSC SEM 6/nike-laravel/nike-laravel/vendor/laravel/framework/src/Illuminate/Routing/ControllerDispatcher.php(43): Illuminate/Routing/Controller->callAction('home', Array)
#25 D:/BS CS/BS COSC SEM 6/nike-laravel/nike-laravel/vendor/laravel/framework/src/Illuminate/Routing/Route.php(259): Illuminate/Routing/ControllerDispatcher->dispatch(Object(Illuminate/Routing/Route), Object(App/Http/Controllers/ShopController), 'home')
#26 D:/BS CS/BS COSC SEM 6/nike-laravel/nike-laravel/vendor/laravel/framework/src/Illuminate/Routing/Route.php(205): Illuminate/Routing/Route->runController()
#27 D:/BS CS/BS COSC SEM 6/nike-laravel/nike-laravel/vendor/laravel/framework/src/Illuminate/Routing/Router.php(806): Illuminate/Routing/Route->run()
#28 D:/BS CS/BS COSC SEM 6/nike-laravel/nike-laravel/vendor/laravel/framework/src/Illuminate/Pipeline/Pipeline.php(144): Illuminate/Routing/Router->Illuminate/Routing/{closure}(Object(Illuminate/Http/Request))
#29 D:/BS CS/BS COSC SEM 6/nike-laravel/nike-laravel/vendor/laravel/framework/src/Illuminate/Routing/Middleware/SubstituteBindings.php(50): Illuminate/Pipeline/Pipeline->Illuminate/Pipeline/{closure}(Object(Illuminate/Http/Request))
#30 D:/BS CS/BS COSC SEM 6/nike-laravel/nike-laravel/vendor/laravel/framework/src/Illuminate/Pipeline/Pipeline.php(183): Illuminate/Routing/Middleware/SubstituteBindings->handle(Object(Illuminate/Http/Request), Object(Closure))
#31 D:/BS CS/BS COSC SEM 6/nike-laravel/nike-laravel/vendor/laravel/framework/src/Illuminate/Foundation/Http/Middleware/VerifyCsrfToken.php(78): Illuminate/Pipeline/Pipeline->Illuminate/Pipeline/{closure}(Object(Illuminate/Http/Request))
#32 D:/BS CS/BS COSC SEM 6/nike-laravel/nike-laravel/vendor/laravel/framework/src/Illuminate/Pipeline/Pipeline.php(183): Illuminate/Foundation/Http/Middleware/VerifyCsrfToken->handle(Object(Illuminate/Http/Request), Object(Closure))
#33 D:/BS CS/BS COSC SEM 6/nike-laravel/nike-laravel/vendor/laravel/framework/src/Illuminate/View/Middleware/ShareErrorsFromSession.php(49): Illuminate/Pipeline/Pipeline->Illuminate/Pipeline/{closure}(Object(Illuminate/Http/Request))
#34 D:/BS CS/BS COSC SEM 6/nike-laravel/nike-laravel/vendor/laravel/framework/src/Illuminate/Pipeline/Pipeline.php(183): Illuminate/View/Middleware/ShareErrorsFromSession->handle(Object(Illuminate/Http/Request), Object(Closure))
#35 D:/BS CS/BS COSC SEM 6/nike-laravel/nike-laravel/vendor/laravel/framework/src/Illuminate/Session/Middleware/StartSession.php(121): Illuminate/Pipeline/Pipeline->Illuminate/Pipeline/{closure}(Object(Illuminate/Http/Request))
#36 D:/BS CS/BS COSC SEM 6/nike-laravel/nike-laravel/vendor/laravel/framework/src/Illuminate/Session/Middleware/StartSession.php(64): Illuminate/Session/Middleware/StartSession->handleStatefulRequest(Object(Illuminate/Http/Request), Object(Illuminate/Session/Store), Object(Closure))
#37 D:/BS CS/BS COSC SEM 6/nike-laravel/nike-laravel/vendor/laravel/framework/src/Illuminate/Pipeline/Pipeline.php(183): Illuminate/Session/Middleware/StartSession->handle(Object(Illuminate/Http/Request), Object(Closure))
#38 D:/BS CS/BS COSC SEM 6/nike-laravel/nike-laravel/vendor/laravel/framework/src/Illuminate/Cookie/Middleware/AddQueuedCookiesToResponse.php(37): Illuminate/Pipeline/Pipeline->Illuminate/Pipeline/{closure}(Object(Illuminate/Http/Request))
#39 D:/BS CS/BS COSC SEM 6/nike-laravel/nike-laravel/vendor/laravel/framework/src/Illuminate/Pipeline/Pipeline.php(183): Illuminate/Cookie/Middleware/AddQueuedCookiesToResponse->handle(Object(Illuminate/Http/Request), Object(Closure))
#40 D:/BS CS/BS COSC SEM 6/nike-laravel/nike-laravel/vendor/laravel/framework/src/Illuminate/Cookie/Middleware/EncryptCookies.php(67): Illuminate/Pipeline/Pipeline->Illuminate/Pipeline/{closure}(Object(Illuminate/Http/Request))
#41 D:/BS CS/BS COSC SEM 6/nike-laravel/nike-laravel/vendor/laravel/framework/src/Illuminate/Pipeline/Pipeline.php(183): Illuminate/Cookie/Middleware/EncryptCookies->handle(Object(Illuminate/Http/Request), Object(Closure))
#42 D:/BS CS/BS COSC SEM 6/nike-laravel/nike-laravel/vendor/laravel/framework/src/Illuminate/Pipeline/Pipeline.php(119): Illuminate/Pipeline/Pipeline->Illuminate/Pipeline/{closure}(Object(Illuminate/Http/Request))
#43 D:/BS CS/BS COSC SEM 6/nike-laravel/nike-laravel/vendor/laravel/framework/src/Illuminate/Routing/Router.php(805): Illuminate/Pipeline/Pipeline->then(Object(Closure))
#44 D:/BS CS/BS COSC SEM 6/nike-laravel/nike-laravel/vendor/laravel/framework/src/Illuminate/Routing/Router.php(784): Illuminate/Routing/Router->runRouteWithinStack(Object(Illuminate/Routing/Route), Object(Illuminate/Http/Request))
#45 D:/BS CS/BS COSC SEM 6/nike-laravel/nike-laravel/vendor/laravel/framework/src/Illuminate/Routing/Router.php(748): Illuminate/Routing/Router->runRoute(Object(Illuminate/Http/Request), Object(Illuminate/Routing/Route))
#46 D:/BS CS/BS COSC SEM 6/nike-laravel/nike-laravel/vendor/laravel/framework/src/Illuminate/Routing/Router.php(737): Illuminate/Routing/Router->dispatchToRoute(Object(Illuminate/Http/Request))
#47 D:/BS CS/BS COSC SEM 6/nike-laravel/nike-laravel/vendor/laravel/framework/src/Illuminate/Foundation/Http/Kernel.php(200): Illuminate/Routing/Router->dispatch(Object(Illuminate/Http/Request))
#48 D:/BS CS/BS COSC SEM 6/nike-laravel/nike-laravel/vendor/laravel/framework/src/Illuminate/Pipeline/Pipeline.php(144): Illuminate/Foundation/Http/Kernel->Illuminate/Foundation/Http/{closure}(Object(Illuminate/Http/Request))
#49 D:/BS CS/BS COSC SEM 6/nike-laravel/nike-laravel/vendor/laravel/framework/src/Illuminate/Foundation/Http/Middleware/TransformsRequest.php(21): Illuminate/Pipeline/Pipeline->Illuminate/Pipeline/{closure}(Object(Illuminate/Http/Request))
#50 D:/BS CS/BS COSC SEM 6/nike-laravel/nike-laravel/vendor/laravel/framework/src/Illuminate/Foundation/Http/Middleware/ConvertEmptyStringsToNull.php(31): Illuminate/Foundation/Http/Middleware/TransformsRequest->handle(Object(Illuminate/Http/Request), Object(Closure))
#51 D:/BS CS/BS COSC SEM 6/nike-laravel/nike-laravel/vendor/laravel/framework/src/Illuminate/Pipeline/Pipeline.php(183): Illuminate/Foundation/Http/Middleware/ConvertEmptyStringsToNull->handle(Object(Illuminate/Http/Request), Object(Closure))
#52 D:/BS CS/BS COSC SEM 6/nike-laravel/nike-laravel/vendor/laravel/framework/src/Illuminate/Foundation/Http/Middleware/ValidatePostSize.php(27): Illuminate/Pipeline/Pipeline->Illuminate/Pipeline/{closure}(Object(Illuminate/Http/Request))
#53 D:/BS CS/BS COSC SEM 6/nike-laravel/nike-laravel/vendor/laravel/framework/src/Illuminate/Pipeline/Pipeline.php(183): Illuminate/Foundation/Http/Middleware/ValidatePostSize->handle(Object(Illuminate/Http/Request), Object(Closure))
#54 D:/BS CS/BS COSC SEM 6/nike-laravel/nike-laravel/vendor/laravel/framework/src/Illuminate/Foundation/Http/Middleware/PreventRequestsDuringMaintenance.php(99): Illuminate/Pipeline/Pipeline->Illuminate/Pipeline/{closure}(Object(Illuminate/Http/Request))
#55 D:/BS CS/BS COSC SEM 6/nike-laravel/nike-laravel/vendor/laravel/framework/src/Illuminate/Pipeline/Pipeline.php(183): Illuminate/Foundation/Http/Middleware/PreventRequestsDuringMaintenance->handle(Object(Illuminate/Http/Request), Object(Closure))
#56 D:/BS CS/BS COSC SEM 6/nike-laravel/nike-laravel/vendor/laravel/framework/src/Illuminate/Pipeline/Pipeline.php(119): Illuminate/Pipeline/Pipeline->Illuminate/Pipeline/{closure}(Object(Illuminate/Http/Request))
#57 D:/BS CS/BS COSC SEM 6/nike-laravel/nike-laravel/vendor/laravel/framework/src/Illuminate/Foundation/Http/Kernel.php(175): Illuminate/Pipeline/Pipeline->then(Object(Closure))
#58 D:/BS CS/BS COSC SEM 6/nike-laravel/nike-laravel/vendor/laravel/framework/src/Illuminate/Foundation/Http/Kernel.php(144): Illuminate/Foundation/Http/Kernel->sendRequestThroughRouter(Object(Illuminate/Http/Request))
#59 D:/BS CS/BS COSC SEM 6/nike-laravel/nike-laravel/public/index.php(23): Illuminate/Foundation/Http/Kernel->handle(Object(Illuminate/Http/Request))
#60 D:/BS CS/BS COSC SEM 6/nike-laravel/nike-laravel/vendor/laravel/framework/src/Illuminate/Foundation/resources/server.php(16): require_once('D://BS CS//BS COS...')
#61 {main}
"} 
[2026-05-01 16:21:30] local.ERROR: Database file at path [database/database.sqlite] does not exist. Ensure this is an absolute path to the database. (Connection: sqlite, SQL: PRAGMA foreign_keys = ON;) {"exception":"[object] (Illuminate\\Database\\QueryException(code: 0): Database file at path [database/database.sqlite] does not exist. Ensure this is an absolute path to the database. (Connection: sqlite, SQL: PRAGMA foreign_keys = ON;) at D:/BS CS/BS COSC SEM 6/nike-laravel/nike-laravel/vendor/laravel/framework/src/Illuminate/Database/Connection.php:829)
[stacktrace]
#0 D:/BS CS/BS COSC SEM 6/nike-laravel/nike-laravel/vendor/laravel/framework/src/Illuminate/Database/Connection.php(783): Illuminate/Database/Connection->runQueryCallback('PRAGMA foreign_...', Array, Object(Closure))
#1 D:/BS CS/BS COSC SEM 6/nike-laravel/nike-laravel/vendor/laravel/framework/src/Illuminate/Database/Connection.php(576): Illuminate/Database/Connection->run('PRAGMA foreign_...', Array, Object(Closure))
#2 D:/BS CS/BS COSC SEM 6/nike-laravel/nike-laravel/vendor/laravel/framework/src/Illuminate/Database/Schema/Builder.php(560): Illuminate/Database/Connection->statement('PRAGMA foreign_...')
#3 D:/BS CS/BS COSC SEM 6/nike-laravel/nike-laravel/vendor/laravel/framework/src/Illuminate/Database/SQLiteConnection.php(36): Illuminate/Database/Schema/Builder->enableForeignKeyConstraints()
#4 D:/BS CS/BS COSC SEM 6/nike-laravel/nike-laravel/vendor/laravel/framework/src/Illuminate/Database/Connectors/ConnectionFactory.php(272): Illuminate/Database/SQLiteConnection->__construct(Object(Closure), 'database/databa...', '', Array)
#5 D:/BS CS/BS COSC SEM 6/nike-laravel/nike-laravel/vendor/laravel/framework/src/Illuminate/Database/Connectors/ConnectionFactory.php(75): Illuminate/Database/Connectors/ConnectionFactory->createConnection('sqlite', Object(Closure), 'database/databa...', '', Array)
#6 D:/BS CS/BS COSC SEM 6/nike-laravel/nike-laravel/vendor/laravel/framework/src/Illuminate/Database/Connectors/ConnectionFactory.php(50): Illuminate/Database/Connectors/ConnectionFactory->createSingleConnection(Array)
#7 D:/BS CS/BS COSC SEM 6/nike-laravel/nike-laravel/vendor/laravel/framework/src/Illuminate/Database/DatabaseManager.php(175): Illuminate/Database/Connectors/ConnectionFactory->make(Array, 'sqlite')
#8 D:/BS CS/BS COSC SEM 6/nike-laravel/nike-laravel/vendor/laravel/framework/src/Illuminate/Database/DatabaseManager.php(101): Illuminate/Database/DatabaseManager->makeConnection('sqlite')
#9 D:/BS CS/BS COSC SEM 6/nike-laravel/nike-laravel/vendor/laravel/framework/src/Illuminate/Database/Eloquent/Model.php(1820): Illuminate/Database/DatabaseManager->connection('sqlite')
#10 D:/BS CS/BS COSC SEM 6/nike-laravel/nike-laravel/vendor/laravel/framework/src/Illuminate/Database/Eloquent/Model.php(1786): Illuminate/Database/Eloquent/Model::resolveConnection(NULL)
#11 D:/BS CS/BS COSC SEM 6/nike-laravel/nike-laravel/vendor/laravel/framework/src/Illuminate/Database/Eloquent/Model.php(1577): Illuminate/Database/Eloquent/Model->getConnection()
#12 D:/BS CS/BS COSC SEM 6/nike-laravel/nike-laravel/vendor/laravel/framework/src/Illuminate/Database/Eloquent/Model.php(1496): Illuminate/Database/Eloquent/Model->newBaseQueryBuilder()
#13 D:/BS CS/BS COSC SEM 6/nike-laravel/nike-laravel/vendor/laravel/framework/src/Illuminate/Database/Eloquent/Model.php(1532): Illuminate/Database/Eloquent/Model->newModelQuery()
#14 D:/BS CS/BS COSC SEM 6/nike-laravel/nike-laravel/vendor/laravel/framework/src/Illuminate/Database/Eloquent/Model.php(1485): Illuminate/Database/Eloquent/Model->newQueryWithoutScopes()
#15 D:/BS CS/BS COSC SEM 6/nike-laravel/nike-laravel/vendor/laravel/framework/src/Illuminate/Database/Eloquent/Model.php(2335): Illuminate/Database/Eloquent/Model->newQuery()
#16 D:/BS CS/BS COSC SEM 6/nike-laravel/nike-laravel/vendor/laravel/framework/src/Illuminate/Database/Eloquent/Model.php(2347): Illuminate/Database/Eloquent/Model->__call('inStock', Array)
#17 D:/BS CS/BS COSC SEM 6/nike-laravel/nike-laravel/app/Http/Controllers/ShopController.php(8): Illuminate/Database/Eloquent/Model::__callStatic('inStock', Array)
#18 D:/BS CS/BS COSC SEM 6/nike-laravel/nike-laravel/vendor/laravel/framework/src/Illuminate/Routing/Controller.php(54): App/Http/Controllers/ShopController->home()
#19 D:/BS CS/BS COSC SEM 6/nike-laravel/nike-laravel/vendor/laravel/framework/src/Illuminate/Routing/ControllerDispatcher.php(43): Illuminate/Routing/Controller->callAction('home', Array)
#20 D:/BS CS/BS COSC SEM 6/nike-laravel/nike-laravel/vendor/laravel/framework/src/Illuminate/Routing/Route.php(259): Illuminate/Routing/ControllerDispatcher->dispatch(Object(Illuminate/Routing/Route), Object(App/Http/Controllers/ShopController), 'home')
#21 D:/BS CS/BS COSC SEM 6/nike-laravel/nike-laravel/vendor/laravel/framework/src/Illuminate/Routing/Route.php(205): Illuminate/Routing/Route->runController()
#22 D:/BS CS/BS COSC SEM 6/nike-laravel/nike-laravel/vendor/laravel/framework/src/Illuminate/Routing/Router.php(806): Illuminate/Routing/Route->run()
#23 D:/BS CS/BS COSC SEM 6/nike-laravel/nike-laravel/vendor/laravel/framework/src/Illuminate/Pipeline/Pipeline.php(144): Illuminate/Routing/Router->Illuminate/Routing/{closure}(Object(Illuminate/Http/Request))
#24 D:/BS CS/BS COSC SEM 6/nike-laravel/nike-laravel/vendor/laravel/framework/src/Illuminate/Routing/Middleware/SubstituteBindings.php(50): Illuminate/Pipeline/Pipeline->Illuminate/Pipeline/{closure}(Object(Illuminate/Http/Request))
#25 D:/BS CS/BS COSC SEM 6/nike-laravel/nike-laravel/vendor/laravel/framework/src/Illuminate/Pipeline/Pipeline.php(183): Illuminate/Routing/Middleware/SubstituteBindings->handle(Object(Illuminate/Http/Request), Object(Closure))
#26 D:/BS CS/BS COSC SEM 6/nike-laravel/nike-laravel/vendor/laravel/framework/src/Illuminate/Foundation/Http/Middleware/VerifyCsrfToken.php(78): Illuminate/Pipeline/Pipeline->Illuminate/Pipeline/{closure}(Object(Illuminate/Http/Request))
#27 D:/BS CS/BS COSC SEM 6/nike-laravel/nike-laravel/vendor/laravel/framework/src/Illuminate/Pipeline/Pipeline.php(183): Illuminate/Foundation/Http/Middleware/VerifyCsrfToken->handle(Object(Illuminate/Http/Request), Object(Closure))
#28 D:/BS CS/BS COSC SEM 6/nike-laravel/nike-laravel/vendor/laravel/framework/src/Illuminate/View/Middleware/ShareErrorsFromSession.php(49): Illuminate/Pipeline/Pipeline->Illuminate/Pipeline/{closure}(Object(Illuminate/Http/Request))
#29 D:/BS CS/BS COSC SEM 6/nike-laravel/nike-laravel/vendor/laravel/framework/src/Illuminate/Pipeline/Pipeline.php(183): Illuminate/View/Middleware/ShareErrorsFromSession->handle(Object(Illuminate/Http/Request), Object(Closure))
#30 D:/BS CS/BS COSC SEM 6/nike-laravel/nike-laravel/vendor/laravel/framework/src/Illuminate/Session/Middleware/StartSession.php(121): Illuminate/Pipeline/Pipeline->Illuminate/Pipeline/{closure}(Object(Illuminate/Http/Request))
#31 D:/BS CS/BS COSC SEM 6/nike-laravel/nike-laravel/vendor/laravel/framework/src/Illuminate/Session/Middleware/StartSession.php(64): Illuminate/Session/Middleware/StartSession->handleStatefulRequest(Object(Illuminate/Http/Request), Object(Illuminate/Session/Store), Object(Closure))
#32 D:/BS CS/BS COSC SEM 6/nike-laravel/nike-laravel/vendor/laravel/framework/src/Illuminate/Pipeline/Pipeline.php(183): Illuminate/Session/Middleware/StartSession->handle(Object(Illuminate/Http/Request), Object(Closure))
#33 D:/BS CS/BS COSC SEM 6/nike-laravel/nike-laravel/vendor/laravel/framework/src/Illuminate/Cookie/Middleware/AddQueuedCookiesToResponse.php(37): Illuminate/Pipeline/Pipeline->Illuminate/Pipeline/{closure}(Object(Illuminate/Http/Request))
#34 D:/BS CS/BS COSC SEM 6/nike-laravel/nike-laravel/vendor/laravel/framework/src/Illuminate/Pipeline/Pipeline.php(183): Illuminate/Cookie/Middleware/AddQueuedCookiesToResponse->handle(Object(Illuminate/Http/Request), Object(Closure))
#35 D:/BS CS/BS COSC SEM 6/nike-laravel/nike-laravel/vendor/laravel/framework/src/Illuminate/Cookie/Middleware/EncryptCookies.php(67): Illuminate/Pipeline/Pipeline->Illuminate/Pipeline/{closure}(Object(Illuminate/Http/Request))
#36 D:/BS CS/BS COSC SEM 6/nike-laravel/nike-laravel/vendor/laravel/framework/src/Illuminate/Pipeline/Pipeline.php(183): Illuminate/Cookie/Middleware/EncryptCookies->handle(Object(Illuminate/Http/Request), Object(Closure))
#37 D:/BS CS/BS COSC SEM 6/nike-laravel/nike-laravel/vendor/laravel/framework/src/Illuminate/Pipeline/Pipeline.php(119): Illuminate/Pipeline/Pipeline->Illuminate/Pipeline/{closure}(Object(Illuminate/Http/Request))
#38 D:/BS CS/BS COSC SEM 6/nike-laravel/nike-laravel/vendor/laravel/framework/src/Illuminate/Routing/Router.php(805): Illuminate/Pipeline/Pipeline->then(Object(Closure))
#39 D:/BS CS/BS COSC SEM 6/nike-laravel/nike-laravel/vendor/laravel/framework/src/Illuminate/Routing/Router.php(784): Illuminate/Routing/Router->runRouteWithinStack(Object(Illuminate/Routing/Route), Object(Illuminate/Http/Request))
#40 D:/BS CS/BS COSC SEM 6/nike-laravel/nike-laravel/vendor/laravel/framework/src/Illuminate/Routing/Router.php(748): Illuminate/Routing/Router->runRoute(Object(Illuminate/Http/Request), Object(Illuminate/Routing/Route))
#41 D:/BS CS/BS COSC SEM 6/nike-laravel/nike-laravel/vendor/laravel/framework/src/Illuminate/Routing/Router.php(737): Illuminate/Routing/Router->dispatchToRoute(Object(Illuminate/Http/Request))
#42 D:/BS CS/BS COSC SEM 6/nike-laravel/nike-laravel/vendor/laravel/framework/src/Illuminate/Foundation/Http/Kernel.php(200): Illuminate/Routing/Router->dispatch(Object(Illuminate/Http/Request))
#43 D:/BS CS/BS COSC SEM 6/nike-laravel/nike-laravel/vendor/laravel/framework/src/Illuminate/Pipeline/Pipeline.php(144): Illuminate/Foundation/Http/Kernel->Illuminate/Foundation/Http/{closure}(Object(Illuminate/Http/Request))
#44 D:/BS CS/BS COSC SEM 6/nike-laravel/nike-laravel/vendor/laravel/framework/src/Illuminate/Foundation/Http/Middleware/TransformsRequest.php(21): Illuminate/Pipeline/Pipeline->Illuminate/Pipeline/{closure}(Object(Illuminate/Http/Request))
#45 D:/BS CS/BS COSC SEM 6/nike-laravel/nike-laravel/vendor/laravel/framework/src/Illuminate/Foundation/Http/Middleware/ConvertEmptyStringsToNull.php(31): Illuminate/Foundation/Http/Middleware/TransformsRequest->handle(Object(Illuminate/Http/Request), Object(Closure))
#46 D:/BS CS/BS COSC SEM 6/nike-laravel/nike-laravel/vendor/laravel/framework/src/Illuminate/Pipeline/Pipeline.php(183): Illuminate/Foundation/Http/Middleware/ConvertEmptyStringsToNull->handle(Object(Illuminate/Http/Request), Object(Closure))
#47 D:/BS CS/BS COSC SEM 6/nike-laravel/nike-laravel/vendor/laravel/framework/src/Illuminate/Foundation/Http/Middleware/ValidatePostSize.php(27): Illuminate/Pipeline/Pipeline->Illuminate/Pipeline/{closure}(Object(Illuminate/Http/Request))
#48 D:/BS CS/BS COSC SEM 6/nike-laravel/nike-laravel/vendor/laravel/framework/src/Illuminate/Pipeline/Pipeline.php(183): Illuminate/Foundation/Http/Middleware/ValidatePostSize->handle(Object(Illuminate/Http/Request), Object(Closure))
#49 D:/BS CS/BS COSC SEM 6/nike-laravel/nike-laravel/vendor/laravel/framework/src/Illuminate/Foundation/Http/Middleware/PreventRequestsDuringMaintenance.php(99): Illuminate/Pipeline/Pipeline->Illuminate/Pipeline/{closure}(Object(Illuminate/Http/Request))
#50 D:/BS CS/BS COSC SEM 6/nike-laravel/nike-laravel/vendor/laravel/framework/src/Illuminate/Pipeline/Pipeline.php(183): Illuminate/Foundation/Http/Middleware/PreventRequestsDuringMaintenance->handle(Object(Illuminate/Http/Request), Object(Closure))
#51 D:/BS CS/BS COSC SEM 6/nike-laravel/nike-laravel/vendor/laravel/framework/src/Illuminate/Pipeline/Pipeline.php(119): Illuminate/Pipeline/Pipeline->Illuminate/Pipeline/{closure}(Object(Illuminate/Http/Request))
#52 D:/BS CS/BS COSC SEM 6/nike-laravel/nike-laravel/vendor/laravel/framework/src/Illuminate/Foundation/Http/Kernel.php(175): Illuminate/Pipeline/Pipeline->then(Object(Closure))
#53 D:/BS CS/BS COSC SEM 6/nike-laravel/nike-laravel/vendor/laravel/framework/src/Illuminate/Foundation/Http/Kernel.php(144): Illuminate/Foundation/Http/Kernel->sendRequestThroughRouter(Object(Illuminate/Http/Request))
#54 D:/BS CS/BS COSC SEM 6/nike-laravel/nike-laravel/public/index.php(23): Illuminate/Foundation/Http/Kernel->handle(Object(Illuminate/Http/Request))
#55 D:/BS CS/BS COSC SEM 6/nike-laravel/nike-laravel/vendor/laravel/framework/src/Illuminate/Foundation/resources/server.php(16): require_once('D://BS CS//BS COS...')
#56 {main}

[previous exception] [object] (Illuminate\\Database\\SQLiteDatabaseDoesNotExistException(code: 0): Database file at path [database/database.sqlite] does not exist. Ensure this is an absolute path to the database. at D:/BS CS/BS COSC SEM 6/nike-laravel/nike-laravel/vendor/laravel/framework/src/Illuminate/Database/Connectors/SQLiteConnector.php:34)
[stacktrace]
#0 D:/BS CS/BS COSC SEM 6/nike-laravel/nike-laravel/vendor/laravel/framework/src/Illuminate/Database/Connectors/ConnectionFactory.php(221): Illuminate/Database/Connectors/SQLiteConnector->connect(Array)
#1 [internal function]: Illuminate/Database/Connectors/ConnectionFactory->Illuminate/Database/Connectors/{closure}()
#2 D:/BS CS/BS COSC SEM 6/nike-laravel/nike-laravel/vendor/laravel/framework/src/Illuminate/Database/Connection.php(1339): call_user_func(Object(Closure))
#3 D:/BS CS/BS COSC SEM 6/nike-laravel/nike-laravel/vendor/laravel/framework/src/Illuminate/Database/Connection.php(581): Illuminate/Database/Connection->getPdo()
#4 D:/BS CS/BS COSC SEM 6/nike-laravel/nike-laravel/vendor/laravel/framework/src/Illuminate/Database/Connection.php(816): Illuminate/Database/Connection->Illuminate/Database/{closure}('PRAGMA foreign_...', Array)
#5 D:/BS CS/BS COSC SEM 6/nike-laravel/nike-laravel/vendor/laravel/framework/src/Illuminate/Database/Connection.php(783): Illuminate/Database/Connection->runQueryCallback('PRAGMA foreign_...', Array, Object(Closure))
#6 D:/BS CS/BS COSC SEM 6/nike-laravel/nike-laravel/vendor/laravel/framework/src/Illuminate/Database/Connection.php(576): Illuminate/Database/Connection->run('PRAGMA foreign_...', Array, Object(Closure))
#7 D:/BS CS/BS COSC SEM 6/nike-laravel/nike-laravel/vendor/laravel/framework/src/Illuminate/Database/Schema/Builder.php(560): Illuminate/Database/Connection->statement('PRAGMA foreign_...')
#8 D:/BS CS/BS COSC SEM 6/nike-laravel/nike-laravel/vendor/laravel/framework/src/Illuminate/Database/SQLiteConnection.php(36): Illuminate/Database/Schema/Builder->enableForeignKeyConstraints()
#9 D:/BS CS/BS COSC SEM 6/nike-laravel/nike-laravel/vendor/laravel/framework/src/Illuminate/Database/Connectors/ConnectionFactory.php(272): Illuminate/Database/SQLiteConnection->__construct(Object(Closure), 'database/databa...', '', Array)
#10 D:/BS CS/BS COSC SEM 6/nike-laravel/nike-laravel/vendor/laravel/framework/src/Illuminate/Database/Connectors/ConnectionFactory.php(75): Illuminate/Database/Connectors/ConnectionFactory->createConnection('sqlite', Object(Closure), 'database/databa...', '', Array)
#11 D:/BS CS/BS COSC SEM 6/nike-laravel/nike-laravel/vendor/laravel/framework/src/Illuminate/Database/Connectors/ConnectionFactory.php(50): Illuminate/Database/Connectors/ConnectionFactory->createSingleConnection(Array)
#12 D:/BS CS/BS COSC SEM 6/nike-laravel/nike-laravel/vendor/laravel/framework/src/Illuminate/Database/DatabaseManager.php(175): Illuminate/Database/Connectors/ConnectionFactory->make(Array, 'sqlite')
#13 D:/BS CS/BS COSC SEM 6/nike-laravel/nike-laravel/vendor/laravel/framework/src/Illuminate/Database/DatabaseManager.php(101): Illuminate/Database/DatabaseManager->makeConnection('sqlite')
#14 D:/BS CS/BS COSC SEM 6/nike-laravel/nike-laravel/vendor/laravel/framework/src/Illuminate/Database/Eloquent/Model.php(1820): Illuminate/Database/DatabaseManager->connection('sqlite')
#15 D:/BS CS/BS COSC SEM 6/nike-laravel/nike-laravel/vendor/laravel/framework/src/Illuminate/Database/Eloquent/Model.php(1786): Illuminate/Database/Eloquent/Model::resolveConnection(NULL)
#16 D:/BS CS/BS COSC SEM 6/nike-laravel/nike-laravel/vendor/laravel/framework/src/Illuminate/Database/Eloquent/Model.php(1577): Illuminate/Database/Eloquent/Model->getConnection()
#17 D:/BS CS/BS COSC SEM 6/nike-laravel/nike-laravel/vendor/laravel/framework/src/Illuminate/Database/Eloquent/Model.php(1496): Illuminate/Database/Eloquent/Model->newBaseQueryBuilder()
#18 D:/BS CS/BS COSC SEM 6/nike-laravel/nike-laravel/vendor/laravel/framework/src/Illuminate/Database/Eloquent/Model.php(1532): Illuminate/Database/Eloquent/Model->newModelQuery()
#19 D:/BS CS/BS COSC SEM 6/nike-laravel/nike-laravel/vendor/laravel/framework/src/Illuminate/Database/Eloquent/Model.php(1485): Illuminate/Database/Eloquent/Model->newQueryWithoutScopes()
#20 D:/BS CS/BS COSC SEM 6/nike-laravel/nike-laravel/vendor/laravel/framework/src/Illuminate/Database/Eloquent/Model.php(2335): Illuminate/Database/Eloquent/Model->newQuery()
#21 D:/BS CS/BS COSC SEM 6/nike-laravel/nike-laravel/vendor/laravel/framework/src/Illuminate/Database/Eloquent/Model.php(2347): Illuminate/Database/Eloquent/Model->__call('inStock', Array)
#22 D:/BS CS/BS COSC SEM 6/nike-laravel/nike-laravel/app/Http/Controllers/ShopController.php(8): Illuminate/Database/Eloquent/Model::__callStatic('inStock', Array)
#23 D:/BS CS/BS COSC SEM 6/nike-laravel/nike-laravel/vendor/laravel/framework/src/Illuminate/Routing/Controller.php(54): App/Http/Controllers/ShopController->home()
#24 D:/BS CS/BS COSC SEM 6/nike-laravel/nike-laravel/vendor/laravel/framework/src/Illuminate/Routing/ControllerDispatcher.php(43): Illuminate/Routing/Controller->callAction('home', Array)
#25 D:/BS CS/BS COSC SEM 6/nike-laravel/nike-laravel/vendor/laravel/framework/src/Illuminate/Routing/Route.php(259): Illuminate/Routing/ControllerDispatcher->dispatch(Object(Illuminate/Routing/Route), Object(App/Http/Controllers/ShopController), 'home')
#26 D:/BS CS/BS COSC SEM 6/nike-laravel/nike-laravel/vendor/laravel/framework/src/Illuminate/Routing/Route.php(205): Illuminate/Routing/Route->runController()
#27 D:/BS CS/BS COSC SEM 6/nike-laravel/nike-laravel/vendor/laravel/framework/src/Illuminate/Routing/Router.php(806): Illuminate/Routing/Route->run()
#28 D:/BS CS/BS COSC SEM 6/nike-laravel/nike-laravel/vendor/laravel/framework/src/Illuminate/Pipeline/Pipeline.php(144): Illuminate/Routing/Router->Illuminate/Routing/{closure}(Object(Illuminate/Http/Request))
#29 D:/BS CS/BS COSC SEM 6/nike-laravel/nike-laravel/vendor/laravel/framework/src/Illuminate/Routing/Middleware/SubstituteBindings.php(50): Illuminate/Pipeline/Pipeline->Illuminate/Pipeline/{closure}(Object(Illuminate/Http/Request))
#30 D:/BS CS/BS COSC SEM 6/nike-laravel/nike-laravel/vendor/laravel/framework/src/Illuminate/Pipeline/Pipeline.php(183): Illuminate/Routing/Middleware/SubstituteBindings->handle(Object(Illuminate/Http/Request), Object(Closure))
#31 D:/BS CS/BS COSC SEM 6/nike-laravel/nike-laravel/vendor/laravel/framework/src/Illuminate/Foundation/Http/Middleware/VerifyCsrfToken.php(78): Illuminate/Pipeline/Pipeline->Illuminate/Pipeline/{closure}(Object(Illuminate/Http/Request))
#32 D:/BS CS/BS COSC SEM 6/nike-laravel/nike-laravel/vendor/laravel/framework/src/Illuminate/Pipeline/Pipeline.php(183): Illuminate/Foundation/Http/Middleware/VerifyCsrfToken->handle(Object(Illuminate/Http/Request), Object(Closure))
#33 D:/BS CS/BS COSC SEM 6/nike-laravel/nike-laravel/vendor/laravel/framework/src/Illuminate/View/Middleware/ShareErrorsFromSession.php(49): Illuminate/Pipeline/Pipeline->Illuminate/Pipeline/{closure}(Object(Illuminate/Http/Request))
#34 D:/BS CS/BS COSC SEM 6/nike-laravel/nike-laravel/vendor/laravel/framework/src/Illuminate/Pipeline/Pipeline.php(183): Illuminate/View/Middleware/ShareErrorsFromSession->handle(Object(Illuminate/Http/Request), Object(Closure))
#35 D:/BS CS/BS COSC SEM 6/nike-laravel/nike-laravel/vendor/laravel/framework/src/Illuminate/Session/Middleware/StartSession.php(121): Illuminate/Pipeline/Pipeline->Illuminate/Pipeline/{closure}(Object(Illuminate/Http/Request))
#36 D:/BS CS/BS COSC SEM 6/nike-laravel/nike-laravel/vendor/laravel/framework/src/Illuminate/Session/Middleware/StartSession.php(64): Illuminate/Session/Middleware/StartSession->handleStatefulRequest(Object(Illuminate/Http/Request), Object(Illuminate/Session/Store), Object(Closure))
#37 D:/BS CS/BS COSC SEM 6/nike-laravel/nike-laravel/vendor/laravel/framework/src/Illuminate/Pipeline/Pipeline.php(183): Illuminate/Session/Middleware/StartSession->handle(Object(Illuminate/Http/Request), Object(Closure))
#38 D:/BS CS/BS COSC SEM 6/nike-laravel/nike-laravel/vendor/laravel/framework/src/Illuminate/Cookie/Middleware/AddQueuedCookiesToResponse.php(37): Illuminate/Pipeline/Pipeline->Illuminate/Pipeline/{closure}(Object(Illuminate/Http/Request))
#39 D:/BS CS/BS COSC SEM 6/nike-laravel/nike-laravel/vendor/laravel/framework/src/Illuminate/Pipeline/Pipeline.php(183): Illuminate/Cookie/Middleware/AddQueuedCookiesToResponse->handle(Object(Illuminate/Http/Request), Object(Closure))
#40 D:/BS CS/BS COSC SEM 6/nike-laravel/nike-laravel/vendor/laravel/framework/src/Illuminate/Cookie/Middleware/EncryptCookies.php(67): Illuminate/Pipeline/Pipeline->Illuminate/Pipeline/{closure}(Object(Illuminate/Http/Request))
#41 D:/BS CS/BS COSC SEM 6/nike-laravel/nike-laravel/vendor/laravel/framework/src/Illuminate/Pipeline/Pipeline.php(183): Illuminate/Cookie/Middleware/EncryptCookies->handle(Object(Illuminate/Http/Request), Object(Closure))
#42 D:/BS CS/BS COSC SEM 6/nike-laravel/nike-laravel/vendor/laravel/framework/src/Illuminate/Pipeline/Pipeline.php(119): Illuminate/Pipeline/Pipeline->Illuminate/Pipeline/{closure}(Object(Illuminate/Http/Request))
#43 D:/BS CS/BS COSC SEM 6/nike-laravel/nike-laravel/vendor/laravel/framework/src/Illuminate/Routing/Router.php(805): Illuminate/Pipeline/Pipeline->then(Object(Closure))
#44 D:/BS CS/BS COSC SEM 6/nike-laravel/nike-laravel/vendor/laravel/framework/src/Illuminate/Routing/Router.php(784): Illuminate/Routing/Router->runRouteWithinStack(Object(Illuminate/Routing/Route), Object(Illuminate/Http/Request))
#45 D:/BS CS/BS COSC SEM 6/nike-laravel/nike-laravel/vendor/laravel/framework/src/Illuminate/Routing/Router.php(748): Illuminate/Routing/Router->runRoute(Object(Illuminate/Http/Request), Object(Illuminate/Routing/Route))
#46 D:/BS CS/BS COSC SEM 6/nike-laravel/nike-laravel/vendor/laravel/framework/src/Illuminate/Routing/Router.php(737): Illuminate/Routing/Router->dispatchToRoute(Object(Illuminate/Http/Request))
#47 D:/BS CS/BS COSC SEM 6/nike-laravel/nike-laravel/vendor/laravel/framework/src/Illuminate/Foundation/Http/Kernel.php(200): Illuminate/Routing/Router->dispatch(Object(Illuminate/Http/Request))
#48 D:/BS CS/BS COSC SEM 6/nike-laravel/nike-laravel/vendor/laravel/framework/src/Illuminate/Pipeline/Pipeline.php(144): Illuminate/Foundation/Http/Kernel->Illuminate/Foundation/Http/{closure}(Object(Illuminate/Http/Request))
#49 D:/BS CS/BS COSC SEM 6/nike-laravel/nike-laravel/vendor/laravel/framework/src/Illuminate/Foundation/Http/Middleware/TransformsRequest.php(21): Illuminate/Pipeline/Pipeline->Illuminate/Pipeline/{closure}(Object(Illuminate/Http/Request))
#50 D:/BS CS/BS COSC SEM 6/nike-laravel/nike-laravel/vendor/laravel/framework/src/Illuminate/Foundation/Http/Middleware/ConvertEmptyStringsToNull.php(31): Illuminate/Foundation/Http/Middleware/TransformsRequest->handle(Object(Illuminate/Http/Request), Object(Closure))
#51 D:/BS CS/BS COSC SEM 6/nike-laravel/nike-laravel/vendor/laravel/framework/src/Illuminate/Pipeline/Pipeline.php(183): Illuminate/Foundation/Http/Middleware/ConvertEmptyStringsToNull->handle(Object(Illuminate/Http/Request), Object(Closure))
#52 D:/BS CS/BS COSC SEM 6/nike-laravel/nike-laravel/vendor/laravel/framework/src/Illuminate/Foundation/Http/Middleware/ValidatePostSize.php(27): Illuminate/Pipeline/Pipeline->Illuminate/Pipeline/{closure}(Object(Illuminate/Http/Request))
#53 D:/BS CS/BS COSC SEM 6/nike-laravel/nike-laravel/vendor/laravel/framework/src/Illuminate/Pipeline/Pipeline.php(183): Illuminate/Foundation/Http/Middleware/ValidatePostSize->handle(Object(Illuminate/Http/Request), Object(Closure))
#54 D:/BS CS/BS COSC SEM 6/nike-laravel/nike-laravel/vendor/laravel/framework/src/Illuminate/Foundation/Http/Middleware/PreventRequestsDuringMaintenance.php(99): Illuminate/Pipeline/Pipeline->Illuminate/Pipeline/{closure}(Object(Illuminate/Http/Request))
#55 D:/BS CS/BS COSC SEM 6/nike-laravel/nike-laravel/vendor/laravel/framework/src/Illuminate/Pipeline/Pipeline.php(183): Illuminate/Foundation/Http/Middleware/PreventRequestsDuringMaintenance->handle(Object(Illuminate/Http/Request), Object(Closure))
#56 D:/BS CS/BS COSC SEM 6/nike-laravel/nike-laravel/vendor/laravel/framework/src/Illuminate/Pipeline/Pipeline.php(119): Illuminate/Pipeline/Pipeline->Illuminate/Pipeline/{closure}(Object(Illuminate/Http/Request))
#57 D:/BS CS/BS COSC SEM 6/nike-laravel/nike-laravel/vendor/laravel/framework/src/Illuminate/Foundation/Http/Kernel.php(175): Illuminate/Pipeline/Pipeline->then(Object(Closure))
#58 D:/BS CS/BS COSC SEM 6/nike-laravel/nike-laravel/vendor/laravel/framework/src/Illuminate/Foundation/Http/Kernel.php(144): Illuminate/Foundation/Http/Kernel->sendRequestThroughRouter(Object(Illuminate/Http/Request))
#59 D:/BS CS/BS COSC SEM 6/nike-laravel/nike-laravel/public/index.php(23): Illuminate/Foundation/Http/Kernel->handle(Object(Illuminate/Http/Request))
#60 D:/BS CS/BS COSC SEM 6/nike-laravel/nike-laravel/vendor/laravel/framework/src/Illuminate/Foundation/resources/server.php(16): require_once('D://BS CS//BS COS...')
#61 {main}
"} 
[2026-05-01 16:21:57] local.ERROR: Database file at path [database/database.sqlite] does not exist. Ensure this is an absolute path to the database. (Connection: sqlite, SQL: PRAGMA foreign_keys = ON;) {"exception":"[object] (Illuminate\\Database\\QueryException(code: 0): Database file at path [database/database.sqlite] does not exist. Ensure this is an absolute path to the database. (Connection: sqlite, SQL: PRAGMA foreign_keys = ON;) at D:/BS CS/BS COSC SEM 6/nike-laravel/nike-laravel/vendor/laravel/framework/src/Illuminate/Database/Connection.php:829)
[stacktrace]
#0 D:/BS CS/BS COSC SEM 6/nike-laravel/nike-laravel/vendor/laravel/framework/src/Illuminate/Database/Connection.php(783): Illuminate/Database/Connection->runQueryCallback('PRAGMA foreign_...', Array, Object(Closure))
#1 D:/BS CS/BS COSC SEM 6/nike-laravel/nike-laravel/vendor/laravel/framework/src/Illuminate/Database/Connection.php(576): Illuminate/Database/Connection->run('PRAGMA foreign_...', Array, Object(Closure))
#2 D:/BS CS/BS COSC SEM 6/nike-laravel/nike-laravel/vendor/laravel/framework/src/Illuminate/Database/Schema/Builder.php(560): Illuminate/Database/Connection->statement('PRAGMA foreign_...')
#3 D:/BS CS/BS COSC SEM 6/nike-laravel/nike-laravel/vendor/laravel/framework/src/Illuminate/Database/SQLiteConnection.php(36): Illuminate/Database/Schema/Builder->enableForeignKeyConstraints()
#4 D:/BS CS/BS COSC SEM 6/nike-laravel/nike-laravel/vendor/laravel/framework/src/Illuminate/Database/Connectors/ConnectionFactory.php(272): Illuminate/Database/SQLiteConnection->__construct(Object(Closure), 'database/databa...', '', Array)
#5 D:/BS CS/BS COSC SEM 6/nike-laravel/nike-laravel/vendor/laravel/framework/src/Illuminate/Database/Connectors/ConnectionFactory.php(75): Illuminate/Database/Connectors/ConnectionFactory->createConnection('sqlite', Object(Closure), 'database/databa...', '', Array)
#6 D:/BS CS/BS COSC SEM 6/nike-laravel/nike-laravel/vendor/laravel/framework/src/Illuminate/Database/Connectors/ConnectionFactory.php(50): Illuminate/Database/Connectors/ConnectionFactory->createSingleConnection(Array)
#7 D:/BS CS/BS COSC SEM 6/nike-laravel/nike-laravel/vendor/laravel/framework/src/Illuminate/Database/DatabaseManager.php(175): Illuminate/Database/Connectors/ConnectionFactory->make(Array, 'sqlite')
#8 D:/BS CS/BS COSC SEM 6/nike-laravel/nike-laravel/vendor/laravel/framework/src/Illuminate/Database/DatabaseManager.php(101): Illuminate/Database/DatabaseManager->makeConnection('sqlite')
#9 D:/BS CS/BS COSC SEM 6/nike-laravel/nike-laravel/vendor/laravel/framework/src/Illuminate/Database/Eloquent/Model.php(1820): Illuminate/Database/DatabaseManager->connection('sqlite')
#10 D:/BS CS/BS COSC SEM 6/nike-laravel/nike-laravel/vendor/laravel/framework/src/Illuminate/Database/Eloquent/Model.php(1786): Illuminate/Database/Eloquent/Model::resolveConnection(NULL)
#11 D:/BS CS/BS COSC SEM 6/nike-laravel/nike-laravel/vendor/laravel/framework/src/Illuminate/Database/Eloquent/Model.php(1577): Illuminate/Database/Eloquent/Model->getConnection()
#12 D:/BS CS/BS COSC SEM 6/nike-laravel/nike-laravel/vendor/laravel/framework/src/Illuminate/Database/Eloquent/Model.php(1496): Illuminate/Database/Eloquent/Model->newBaseQueryBuilder()
#13 D:/BS CS/BS COSC SEM 6/nike-laravel/nike-laravel/vendor/laravel/framework/src/Illuminate/Database/Eloquent/Model.php(1532): Illuminate/Database/Eloquent/Model->newModelQuery()
#14 D:/BS CS/BS COSC SEM 6/nike-laravel/nike-laravel/vendor/laravel/framework/src/Illuminate/Database/Eloquent/Model.php(1485): Illuminate/Database/Eloquent/Model->newQueryWithoutScopes()
#15 D:/BS CS/BS COSC SEM 6/nike-laravel/nike-laravel/vendor/laravel/framework/src/Illuminate/Database/Eloquent/Model.php(2335): Illuminate/Database/Eloquent/Model->newQuery()
#16 D:/BS CS/BS COSC SEM 6/nike-laravel/nike-laravel/vendor/laravel/framework/src/Illuminate/Database/Eloquent/Model.php(2347): Illuminate/Database/Eloquent/Model->__call('inStock', Array)
#17 D:/BS CS/BS COSC SEM 6/nike-laravel/nike-laravel/app/Http/Controllers/ShopController.php(8): Illuminate/Database/Eloquent/Model::__callStatic('inStock', Array)
#18 D:/BS CS/BS COSC SEM 6/nike-laravel/nike-laravel/vendor/laravel/framework/src/Illuminate/Routing/Controller.php(54): App/Http/Controllers/ShopController->home()
#19 D:/BS CS/BS COSC SEM 6/nike-laravel/nike-laravel/vendor/laravel/framework/src/Illuminate/Routing/ControllerDispatcher.php(43): Illuminate/Routing/Controller->callAction('home', Array)
#20 D:/BS CS/BS COSC SEM 6/nike-laravel/nike-laravel/vendor/laravel/framework/src/Illuminate/Routing/Route.php(259): Illuminate/Routing/ControllerDispatcher->dispatch(Object(Illuminate/Routing/Route), Object(App/Http/Controllers/ShopController), 'home')
#21 D:/BS CS/BS COSC SEM 6/nike-laravel/nike-laravel/vendor/laravel/framework/src/Illuminate/Routing/Route.php(205): Illuminate/Routing/Route->runController()
#22 D:/BS CS/BS COSC SEM 6/nike-laravel/nike-laravel/vendor/laravel/framework/src/Illuminate/Routing/Router.php(806): Illuminate/Routing/Route->run()
#23 D:/BS CS/BS COSC SEM 6/nike-laravel/nike-laravel/vendor/laravel/framework/src/Illuminate/Pipeline/Pipeline.php(144): Illuminate/Routing/Router->Illuminate/Routing/{closure}(Object(Illuminate/Http/Request))
#24 D:/BS CS/BS COSC SEM 6/nike-laravel/nike-laravel/vendor/laravel/framework/src/Illuminate/Routing/Middleware/SubstituteBindings.php(50): Illuminate/Pipeline/Pipeline->Illuminate/Pipeline/{closure}(Object(Illuminate/Http/Request))
#25 D:/BS CS/BS COSC SEM 6/nike-laravel/nike-laravel/vendor/laravel/framework/src/Illuminate/Pipeline/Pipeline.php(183): Illuminate/Routing/Middleware/SubstituteBindings->handle(Object(Illuminate/Http/Request), Object(Closure))
#26 D:/BS CS/BS COSC SEM 6/nike-laravel/nike-laravel/vendor/laravel/framework/src/Illuminate/Foundation/Http/Middleware/VerifyCsrfToken.php(78): Illuminate/Pipeline/Pipeline->Illuminate/Pipeline/{closure}(Object(Illuminate/Http/Request))
#27 D:/BS CS/BS COSC SEM 6/nike-laravel/nike-laravel/vendor/laravel/framework/src/Illuminate/Pipeline/Pipeline.php(183): Illuminate/Foundation/Http/Middleware/VerifyCsrfToken->handle(Object(Illuminate/Http/Request), Object(Closure))
#28 D:/BS CS/BS COSC SEM 6/nike-laravel/nike-laravel/vendor/laravel/framework/src/Illuminate/View/Middleware/ShareErrorsFromSession.php(49): Illuminate/Pipeline/Pipeline->Illuminate/Pipeline/{closure}(Object(Illuminate/Http/Request))
#29 D:/BS CS/BS COSC SEM 6/nike-laravel/nike-laravel/vendor/laravel/framework/src/Illuminate/Pipeline/Pipeline.php(183): Illuminate/View/Middleware/ShareErrorsFromSession->handle(Object(Illuminate/Http/Request), Object(Closure))
#30 D:/BS CS/BS COSC SEM 6/nike-laravel/nike-laravel/vendor/laravel/framework/src/Illuminate/Session/Middleware/StartSession.php(121): Illuminate/Pipeline/Pipeline->Illuminate/Pipeline/{closure}(Object(Illuminate/Http/Request))
#31 D:/BS CS/BS COSC SEM 6/nike-laravel/nike-laravel/vendor/laravel/framework/src/Illuminate/Session/Middleware/StartSession.php(64): Illuminate/Session/Middleware/StartSession->handleStatefulRequest(Object(Illuminate/Http/Request), Object(Illuminate/Session/Store), Object(Closure))
#32 D:/BS CS/BS COSC SEM 6/nike-laravel/nike-laravel/vendor/laravel/framework/src/Illuminate/Pipeline/Pipeline.php(183): Illuminate/Session/Middleware/StartSession->handle(Object(Illuminate/Http/Request), Object(Closure))
#33 D:/BS CS/BS COSC SEM 6/nike-laravel/nike-laravel/vendor/laravel/framework/src/Illuminate/Cookie/Middleware/AddQueuedCookiesToResponse.php(37): Illuminate/Pipeline/Pipeline->Illuminate/Pipeline/{closure}(Object(Illuminate/Http/Request))
#34 D:/BS CS/BS COSC SEM 6/nike-laravel/nike-laravel/vendor/laravel/framework/src/Illuminate/Pipeline/Pipeline.php(183): Illuminate/Cookie/Middleware/AddQueuedCookiesToResponse->handle(Object(Illuminate/Http/Request), Object(Closure))
#35 D:/BS CS/BS COSC SEM 6/nike-laravel/nike-laravel/vendor/laravel/framework/src/Illuminate/Cookie/Middleware/EncryptCookies.php(67): Illuminate/Pipeline/Pipeline->Illuminate/Pipeline/{closure}(Object(Illuminate/Http/Request))
#36 D:/BS CS/BS COSC SEM 6/nike-laravel/nike-laravel/vendor/laravel/framework/src/Illuminate/Pipeline/Pipeline.php(183): Illuminate/Cookie/Middleware/EncryptCookies->handle(Object(Illuminate/Http/Request), Object(Closure))
#37 D:/BS CS/BS COSC SEM 6/nike-laravel/nike-laravel/vendor/laravel/framework/src/Illuminate/Pipeline/Pipeline.php(119): Illuminate/Pipeline/Pipeline->Illuminate/Pipeline/{closure}(Object(Illuminate/Http/Request))
#38 D:/BS CS/BS COSC SEM 6/nike-laravel/nike-laravel/vendor/laravel/framework/src/Illuminate/Routing/Router.php(805): Illuminate/Pipeline/Pipeline->then(Object(Closure))
#39 D:/BS CS/BS COSC SEM 6/nike-laravel/nike-laravel/vendor/laravel/framework/src/Illuminate/Routing/Router.php(784): Illuminate/Routing/Router->runRouteWithinStack(Object(Illuminate/Routing/Route), Object(Illuminate/Http/Request))
#40 D:/BS CS/BS COSC SEM 6/nike-laravel/nike-laravel/vendor/laravel/framework/src/Illuminate/Routing/Router.php(748): Illuminate/Routing/Router->runRoute(Object(Illuminate/Http/Request), Object(Illuminate/Routing/Route))
#41 D:/BS CS/BS COSC SEM 6/nike-laravel/nike-laravel/vendor/laravel/framework/src/Illuminate/Routing/Router.php(737): Illuminate/Routing/Router->dispatchToRoute(Object(Illuminate/Http/Request))
#42 D:/BS CS/BS COSC SEM 6/nike-laravel/nike-laravel/vendor/laravel/framework/src/Illuminate/Foundation/Http/Kernel.php(200): Illuminate/Routing/Router->dispatch(Object(Illuminate/Http/Request))
#43 D:/BS CS/BS COSC SEM 6/nike-laravel/nike-laravel/vendor/laravel/framework/src/Illuminate/Pipeline/Pipeline.php(144): Illuminate/Foundation/Http/Kernel->Illuminate/Foundation/Http/{closure}(Object(Illuminate/Http/Request))
#44 D:/BS CS/BS COSC SEM 6/nike-laravel/nike-laravel/vendor/laravel/framework/src/Illuminate/Foundation/Http/Middleware/TransformsRequest.php(21): Illuminate/Pipeline/Pipeline->Illuminate/Pipeline/{closure}(Object(Illuminate/Http/Request))
#45 D:/BS CS/BS COSC SEM 6/nike-laravel/nike-laravel/vendor/laravel/framework/src/Illuminate/Foundation/Http/Middleware/ConvertEmptyStringsToNull.php(31): Illuminate/Foundation/Http/Middleware/TransformsRequest->handle(Object(Illuminate/Http/Request), Object(Closure))
#46 D:/BS CS/BS COSC SEM 6/nike-laravel/nike-laravel/vendor/laravel/framework/src/Illuminate/Pipeline/Pipeline.php(183): Illuminate/Foundation/Http/Middleware/ConvertEmptyStringsToNull->handle(Object(Illuminate/Http/Request), Object(Closure))
#47 D:/BS CS/BS COSC SEM 6/nike-laravel/nike-laravel/vendor/laravel/framework/src/Illuminate/Foundation/Http/Middleware/ValidatePostSize.php(27): Illuminate/Pipeline/Pipeline->Illuminate/Pipeline/{closure}(Object(Illuminate/Http/Request))
#48 D:/BS CS/BS COSC SEM 6/nike-laravel/nike-laravel/vendor/laravel/framework/src/Illuminate/Pipeline/Pipeline.php(183): Illuminate/Foundation/Http/Middleware/ValidatePostSize->handle(Object(Illuminate/Http/Request), Object(Closure))
#49 D:/BS CS/BS COSC SEM 6/nike-laravel/nike-laravel/vendor/laravel/framework/src/Illuminate/Foundation/Http/Middleware/PreventRequestsDuringMaintenance.php(99): Illuminate/Pipeline/Pipeline->Illuminate/Pipeline/{closure}(Object(Illuminate/Http/Request))
#50 D:/BS CS/BS COSC SEM 6/nike-laravel/nike-laravel/vendor/laravel/framework/src/Illuminate/Pipeline/Pipeline.php(183): Illuminate/Foundation/Http/Middleware/PreventRequestsDuringMaintenance->handle(Object(Illuminate/Http/Request), Object(Closure))
#51 D:/BS CS/BS COSC SEM 6/nike-laravel/nike-laravel/vendor/laravel/framework/src/Illuminate/Pipeline/Pipeline.php(119): Illuminate/Pipeline/Pipeline->Illuminate/Pipeline/{closure}(Object(Illuminate/Http/Request))
#52 D:/BS CS/BS COSC SEM 6/nike-laravel/nike-laravel/vendor/laravel/framework/src/Illuminate/Foundation/Http/Kernel.php(175): Illuminate/Pipeline/Pipeline->then(Object(Closure))
#53 D:/BS CS/BS COSC SEM 6/nike-laravel/nike-laravel/vendor/laravel/framework/src/Illuminate/Foundation/Http/Kernel.php(144): Illuminate/Foundation/Http/Kernel->sendRequestThroughRouter(Object(Illuminate/Http/Request))
#54 D:/BS CS/BS COSC SEM 6/nike-laravel/nike-laravel/public/index.php(23): Illuminate/Foundation/Http/Kernel->handle(Object(Illuminate/Http/Request))
#55 D:/BS CS/BS COSC SEM 6/nike-laravel/nike-laravel/vendor/laravel/framework/src/Illuminate/Foundation/resources/server.php(16): require_once('D://BS CS//BS COS...')
#56 {main}

[previous exception] [object] (Illuminate\\Database\\SQLiteDatabaseDoesNotExistException(code: 0): Database file at path [database/database.sqlite] does not exist. Ensure this is an absolute path to the database. at D:/BS CS/BS COSC SEM 6/nike-laravel/nike-laravel/vendor/laravel/framework/src/Illuminate/Database/Connectors/SQLiteConnector.php:34)
[stacktrace]
#0 D:/BS CS/BS COSC SEM 6/nike-laravel/nike-laravel/vendor/laravel/framework/src/Illuminate/Database/Connectors/ConnectionFactory.php(221): Illuminate/Database/Connectors/SQLiteConnector->connect(Array)
#1 [internal function]: Illuminate/Database/Connectors/ConnectionFactory->Illuminate/Database/Connectors/{closure}()
#2 D:/BS CS/BS COSC SEM 6/nike-laravel/nike-laravel/vendor/laravel/framework/src/Illuminate/Database/Connection.php(1339): call_user_func(Object(Closure))
#3 D:/BS CS/BS COSC SEM 6/nike-laravel/nike-laravel/vendor/laravel/framework/src/Illuminate/Database/Connection.php(581): Illuminate/Database/Connection->getPdo()
#4 D:/BS CS/BS COSC SEM 6/nike-laravel/nike-laravel/vendor/laravel/framework/src/Illuminate/Database/Connection.php(816): Illuminate/Database/Connection->Illuminate/Database/{closure}('PRAGMA foreign_...', Array)
#5 D:/BS CS/BS COSC SEM 6/nike-laravel/nike-laravel/vendor/laravel/framework/src/Illuminate/Database/Connection.php(783): Illuminate/Database/Connection->runQueryCallback('PRAGMA foreign_...', Array, Object(Closure))
#6 D:/BS CS/BS COSC SEM 6/nike-laravel/nike-laravel/vendor/laravel/framework/src/Illuminate/Database/Connection.php(576): Illuminate/Database/Connection->run('PRAGMA foreign_...', Array, Object(Closure))
#7 D:/BS CS/BS COSC SEM 6/nike-laravel/nike-laravel/vendor/laravel/framework/src/Illuminate/Database/Schema/Builder.php(560): Illuminate/Database/Connection->statement('PRAGMA foreign_...')
#8 D:/BS CS/BS COSC SEM 6/nike-laravel/nike-laravel/vendor/laravel/framework/src/Illuminate/Database/SQLiteConnection.php(36): Illuminate/Database/Schema/Builder->enableForeignKeyConstraints()
#9 D:/BS CS/BS COSC SEM 6/nike-laravel/nike-laravel/vendor/laravel/framework/src/Illuminate/Database/Connectors/ConnectionFactory.php(272): Illuminate/Database/SQLiteConnection->__construct(Object(Closure), 'database/databa...', '', Array)
#10 D:/BS CS/BS COSC SEM 6/nike-laravel/nike-laravel/vendor/laravel/framework/src/Illuminate/Database/Connectors/ConnectionFactory.php(75): Illuminate/Database/Connectors/ConnectionFactory->createConnection('sqlite', Object(Closure), 'database/databa...', '', Array)
#11 D:/BS CS/BS COSC SEM 6/nike-laravel/nike-laravel/vendor/laravel/framework/src/Illuminate/Database/Connectors/ConnectionFactory.php(50): Illuminate/Database/Connectors/ConnectionFactory->createSingleConnection(Array)
#12 D:/BS CS/BS COSC SEM 6/nike-laravel/nike-laravel/vendor/laravel/framework/src/Illuminate/Database/DatabaseManager.php(175): Illuminate/Database/Connectors/ConnectionFactory->make(Array, 'sqlite')
#13 D:/BS CS/BS COSC SEM 6/nike-laravel/nike-laravel/vendor/laravel/framework/src/Illuminate/Database/DatabaseManager.php(101): Illuminate/Database/DatabaseManager->makeConnection('sqlite')
#14 D:/BS CS/BS COSC SEM 6/nike-laravel/nike-laravel/vendor/laravel/framework/src/Illuminate/Database/Eloquent/Model.php(1820): Illuminate/Database/DatabaseManager->connection('sqlite')
#15 D:/BS CS/BS COSC SEM 6/nike-laravel/nike-laravel/vendor/laravel/framework/src/Illuminate/Database/Eloquent/Model.php(1786): Illuminate/Database/Eloquent/Model::resolveConnection(NULL)
#16 D:/BS CS/BS COSC SEM 6/nike-laravel/nike-laravel/vendor/laravel/framework/src/Illuminate/Database/Eloquent/Model.php(1577): Illuminate/Database/Eloquent/Model->getConnection()
#17 D:/BS CS/BS COSC SEM 6/nike-laravel/nike-laravel/vendor/laravel/framework/src/Illuminate/Database/Eloquent/Model.php(1496): Illuminate/Database/Eloquent/Model->newBaseQueryBuilder()
#18 D:/BS CS/BS COSC SEM 6/nike-laravel/nike-laravel/vendor/laravel/framework/src/Illuminate/Database/Eloquent/Model.php(1532): Illuminate/Database/Eloquent/Model->newModelQuery()
#19 D:/BS CS/BS COSC SEM 6/nike-laravel/nike-laravel/vendor/laravel/framework/src/Illuminate/Database/Eloquent/Model.php(1485): Illuminate/Database/Eloquent/Model->newQueryWithoutScopes()
#20 D:/BS CS/BS COSC SEM 6/nike-laravel/nike-laravel/vendor/laravel/framework/src/Illuminate/Database/Eloquent/Model.php(2335): Illuminate/Database/Eloquent/Model->newQuery()
#21 D:/BS CS/BS COSC SEM 6/nike-laravel/nike-laravel/vendor/laravel/framework/src/Illuminate/Database/Eloquent/Model.php(2347): Illuminate/Database/Eloquent/Model->__call('inStock', Array)
#22 D:/BS CS/BS COSC SEM 6/nike-laravel/nike-laravel/app/Http/Controllers/ShopController.php(8): Illuminate/Database/Eloquent/Model::__callStatic('inStock', Array)
#23 D:/BS CS/BS COSC SEM 6/nike-laravel/nike-laravel/vendor/laravel/framework/src/Illuminate/Routing/Controller.php(54): App/Http/Controllers/ShopController->home()
#24 D:/BS CS/BS COSC SEM 6/nike-laravel/nike-laravel/vendor/laravel/framework/src/Illuminate/Routing/ControllerDispatcher.php(43): Illuminate/Routing/Controller->callAction('home', Array)
#25 D:/BS CS/BS COSC SEM 6/nike-laravel/nike-laravel/vendor/laravel/framework/src/Illuminate/Routing/Route.php(259): Illuminate/Routing/ControllerDispatcher->dispatch(Object(Illuminate/Routing/Route), Object(App/Http/Controllers/ShopController), 'home')
#26 D:/BS CS/BS COSC SEM 6/nike-laravel/nike-laravel/vendor/laravel/framework/src/Illuminate/Routing/Route.php(205): Illuminate/Routing/Route->runController()
#27 D:/BS CS/BS COSC SEM 6/nike-laravel/nike-laravel/vendor/laravel/framework/src/Illuminate/Routing/Router.php(806): Illuminate/Routing/Route->run()
#28 D:/BS CS/BS COSC SEM 6/nike-laravel/nike-laravel/vendor/laravel/framework/src/Illuminate/Pipeline/Pipeline.php(144): Illuminate/Routing/Router->Illuminate/Routing/{closure}(Object(Illuminate/Http/Request))
#29 D:/BS CS/BS COSC SEM 6/nike-laravel/nike-laravel/vendor/laravel/framework/src/Illuminate/Routing/Middleware/SubstituteBindings.php(50): Illuminate/Pipeline/Pipeline->Illuminate/Pipeline/{closure}(Object(Illuminate/Http/Request))
#30 D:/BS CS/BS COSC SEM 6/nike-laravel/nike-laravel/vendor/laravel/framework/src/Illuminate/Pipeline/Pipeline.php(183): Illuminate/Routing/Middleware/SubstituteBindings->handle(Object(Illuminate/Http/Request), Object(Closure))
#31 D:/BS CS/BS COSC SEM 6/nike-laravel/nike-laravel/vendor/laravel/framework/src/Illuminate/Foundation/Http/Middleware/VerifyCsrfToken.php(78): Illuminate/Pipeline/Pipeline->Illuminate/Pipeline/{closure}(Object(Illuminate/Http/Request))
#32 D:/BS CS/BS COSC SEM 6/nike-laravel/nike-laravel/vendor/laravel/framework/src/Illuminate/Pipeline/Pipeline.php(183): Illuminate/Foundation/Http/Middleware/VerifyCsrfToken->handle(Object(Illuminate/Http/Request), Object(Closure))
#33 D:/BS CS/BS COSC SEM 6/nike-laravel/nike-laravel/vendor/laravel/framework/src/Illuminate/View/Middleware/ShareErrorsFromSession.php(49): Illuminate/Pipeline/Pipeline->Illuminate/Pipeline/{closure}(Object(Illuminate/Http/Request))
#34 D:/BS CS/BS COSC SEM 6/nike-laravel/nike-laravel/vendor/laravel/framework/src/Illuminate/Pipeline/Pipeline.php(183): Illuminate/View/Middleware/ShareErrorsFromSession->handle(Object(Illuminate/Http/Request), Object(Closure))
#35 D:/BS CS/BS COSC SEM 6/nike-laravel/nike-laravel/vendor/laravel/framework/src/Illuminate/Session/Middleware/StartSession.php(121): Illuminate/Pipeline/Pipeline->Illuminate/Pipeline/{closure}(Object(Illuminate/Http/Request))
#36 D:/BS CS/BS COSC SEM 6/nike-laravel/nike-laravel/vendor/laravel/framework/src/Illuminate/Session/Middleware/StartSession.php(64): Illuminate/Session/Middleware/StartSession->handleStatefulRequest(Object(Illuminate/Http/Request), Object(Illuminate/Session/Store), Object(Closure))
#37 D:/BS CS/BS COSC SEM 6/nike-laravel/nike-laravel/vendor/laravel/framework/src/Illuminate/Pipeline/Pipeline.php(183): Illuminate/Session/Middleware/StartSession->handle(Object(Illuminate/Http/Request), Object(Closure))
#38 D:/BS CS/BS COSC SEM 6/nike-laravel/nike-laravel/vendor/laravel/framework/src/Illuminate/Cookie/Middleware/AddQueuedCookiesToResponse.php(37): Illuminate/Pipeline/Pipeline->Illuminate/Pipeline/{closure}(Object(Illuminate/Http/Request))
#39 D:/BS CS/BS COSC SEM 6/nike-laravel/nike-laravel/vendor/laravel/framework/src/Illuminate/Pipeline/Pipeline.php(183): Illuminate/Cookie/Middleware/AddQueuedCookiesToResponse->handle(Object(Illuminate/Http/Request), Object(Closure))
#40 D:/BS CS/BS COSC SEM 6/nike-laravel/nike-laravel/vendor/laravel/framework/src/Illuminate/Cookie/Middleware/EncryptCookies.php(67): Illuminate/Pipeline/Pipeline->Illuminate/Pipeline/{closure}(Object(Illuminate/Http/Request))
#41 D:/BS CS/BS COSC SEM 6/nike-laravel/nike-laravel/vendor/laravel/framework/src/Illuminate/Pipeline/Pipeline.php(183): Illuminate/Cookie/Middleware/EncryptCookies->handle(Object(Illuminate/Http/Request), Object(Closure))
#42 D:/BS CS/BS COSC SEM 6/nike-laravel/nike-laravel/vendor/laravel/framework/src/Illuminate/Pipeline/Pipeline.php(119): Illuminate/Pipeline/Pipeline->Illuminate/Pipeline/{closure}(Object(Illuminate/Http/Request))
#43 D:/BS CS/BS COSC SEM 6/nike-laravel/nike-laravel/vendor/laravel/framework/src/Illuminate/Routing/Router.php(805): Illuminate/Pipeline/Pipeline->then(Object(Closure))
#44 D:/BS CS/BS COSC SEM 6/nike-laravel/nike-laravel/vendor/laravel/framework/src/Illuminate/Routing/Router.php(784): Illuminate/Routing/Router->runRouteWithinStack(Object(Illuminate/Routing/Route), Object(Illuminate/Http/Request))
#45 D:/BS CS/BS COSC SEM 6/nike-laravel/nike-laravel/vendor/laravel/framework/src/Illuminate/Routing/Router.php(748): Illuminate/Routing/Router->runRoute(Object(Illuminate/Http/Request), Object(Illuminate/Routing/Route))
#46 D:/BS CS/BS COSC SEM 6/nike-laravel/nike-laravel/vendor/laravel/framework/src/Illuminate/Routing/Router.php(737): Illuminate/Routing/Router->dispatchToRoute(Object(Illuminate/Http/Request))
#47 D:/BS CS/BS COSC SEM 6/nike-laravel/nike-laravel/vendor/laravel/framework/src/Illuminate/Foundation/Http/Kernel.php(200): Illuminate/Routing/Router->dispatch(Object(Illuminate/Http/Request))
#48 D:/BS CS/BS COSC SEM 6/nike-laravel/nike-laravel/vendor/laravel/framework/src/Illuminate/Pipeline/Pipeline.php(144): Illuminate/Foundation/Http/Kernel->Illuminate/Foundation/Http/{closure}(Object(Illuminate/Http/Request))
#49 D:/BS CS/BS COSC SEM 6/nike-laravel/nike-laravel/vendor/laravel/framework/src/Illuminate/Foundation/Http/Middleware/TransformsRequest.php(21): Illuminate/Pipeline/Pipeline->Illuminate/Pipeline/{closure}(Object(Illuminate/Http/Request))
#50 D:/BS CS/BS COSC SEM 6/nike-laravel/nike-laravel/vendor/laravel/framework/src/Illuminate/Foundation/Http/Middleware/ConvertEmptyStringsToNull.php(31): Illuminate/Foundation/Http/Middleware/TransformsRequest->handle(Object(Illuminate/Http/Request), Object(Closure))
#51 D:/BS CS/BS COSC SEM 6/nike-laravel/nike-laravel/vendor/laravel/framework/src/Illuminate/Pipeline/Pipeline.php(183): Illuminate/Foundation/Http/Middleware/ConvertEmptyStringsToNull->handle(Object(Illuminate/Http/Request), Object(Closure))
#52 D:/BS CS/BS COSC SEM 6/nike-laravel/nike-laravel/vendor/laravel/framework/src/Illuminate/Foundation/Http/Middleware/ValidatePostSize.php(27): Illuminate/Pipeline/Pipeline->Illuminate/Pipeline/{closure}(Object(Illuminate/Http/Request))
#53 D:/BS CS/BS COSC SEM 6/nike-laravel/nike-laravel/vendor/laravel/framework/src/Illuminate/Pipeline/Pipeline.php(183): Illuminate/Foundation/Http/Middleware/ValidatePostSize->handle(Object(Illuminate/Http/Request), Object(Closure))
#54 D:/BS CS/BS COSC SEM 6/nike-laravel/nike-laravel/vendor/laravel/framework/src/Illuminate/Foundation/Http/Middleware/PreventRequestsDuringMaintenance.php(99): Illuminate/Pipeline/Pipeline->Illuminate/Pipeline/{closure}(Object(Illuminate/Http/Request))
#55 D:/BS CS/BS COSC SEM 6/nike-laravel/nike-laravel/vendor/laravel/framework/src/Illuminate/Pipeline/Pipeline.php(183): Illuminate/Foundation/Http/Middleware/PreventRequestsDuringMaintenance->handle(Object(Illuminate/Http/Request), Object(Closure))
#56 D:/BS CS/BS COSC SEM 6/nike-laravel/nike-laravel/vendor/laravel/framework/src/Illuminate/Pipeline/Pipeline.php(119): Illuminate/Pipeline/Pipeline->Illuminate/Pipeline/{closure}(Object(Illuminate/Http/Request))
#57 D:/BS CS/BS COSC SEM 6/nike-laravel/nike-laravel/vendor/laravel/framework/src/Illuminate/Foundation/Http/Kernel.php(175): Illuminate/Pipeline/Pipeline->then(Object(Closure))
#58 D:/BS CS/BS COSC SEM 6/nike-laravel/nike-laravel/vendor/laravel/framework/src/Illuminate/Foundation/Http/Kernel.php(144): Illuminate/Foundation/Http/Kernel->sendRequestThroughRouter(Object(Illuminate/Http/Request))
#59 D:/BS CS/BS COSC SEM 6/nike-laravel/nike-laravel/public/index.php(23): Illuminate/Foundation/Http/Kernel->handle(Object(Illuminate/Http/Request))
#60 D:/BS CS/BS COSC SEM 6/nike-laravel/nike-laravel/vendor/laravel/framework/src/Illuminate/Foundation/resources/server.php(16): require_once('D://BS CS//BS COS...')
#61 {main}
"} 
[2026-05-01 16:28:29] local.ERROR: syntax error, unexpected single-quoted string ",", expecting "]" {"exception":"[object] (ParseError(code: 0): syntax error, unexpected single-quoted string \",\", expecting \"]\" at D:/BS CS/BS COSC SEM 6/nike-laravel/nike-laravel/database/seeders/DatabaseSeeder.php:41)
[stacktrace]
#0 D:/BS CS/BS COSC SEM 6/nike-laravel/nike-laravel/vendor/composer/ClassLoader.php(427): Composer/Autoload/{closure}('D://BS CS//BS COS...')
#1 [internal function]: Composer/Autoload/ClassLoader->loadClass('Database//Seeder...')
#2 D:/BS CS/BS COSC SEM 6/nike-laravel/nike-laravel/vendor/laravel/framework/src/Illuminate/Database/Console/Seeds/SeedCommand.php(94): class_exists('Database//Seeder...')
#3 D:/BS CS/BS COSC SEM 6/nike-laravel/nike-laravel/vendor/laravel/framework/src/Illuminate/Database/Console/Seeds/SeedCommand.php(70): Illuminate/Database/Console/Seeds/SeedCommand->getSeeder()
#4 D:/BS CS/BS COSC SEM 6/nike-laravel/nike-laravel/vendor/laravel/framework/src/Illuminate/Database/Eloquent/Concerns/GuardsAttributes.php(155): Illuminate/Database/Console/Seeds/SeedCommand->Illuminate/Database/Console/Seeds/{closure}()
#5 D:/BS CS/BS COSC SEM 6/nike-laravel/nike-laravel/vendor/laravel/framework/src/Illuminate/Database/Console/Seeds/SeedCommand.php(69): Illuminate/Database/Eloquent/Model::unguarded(Object(Closure))
#6 D:/BS CS/BS COSC SEM 6/nike-laravel/nike-laravel/vendor/laravel/framework/src/Illuminate/Container/BoundMethod.php(36): Illuminate/Database/Console/Seeds/SeedCommand->handle()
#7 D:/BS CS/BS COSC SEM 6/nike-laravel/nike-laravel/vendor/laravel/framework/src/Illuminate/Container/Util.php(41): Illuminate/Container/BoundMethod::Illuminate/Container/{closure}()
#8 D:/BS CS/BS COSC SEM 6/nike-laravel/nike-laravel/vendor/laravel/framework/src/Illuminate/Container/BoundMethod.php(93): Illuminate/Container/Util::unwrapIfClosure(Object(Closure))
#9 D:/BS CS/BS COSC SEM 6/nike-laravel/nike-laravel/vendor/laravel/framework/src/Illuminate/Container/BoundMethod.php(35): Illuminate/Container/BoundMethod::callBoundMethod(Object(Illuminate/Foundation/Application), Array, Object(Closure))
#10 D:/BS CS/BS COSC SEM 6/nike-laravel/nike-laravel/vendor/laravel/framework/src/Illuminate/Container/Container.php(662): Illuminate/Container/BoundMethod::call(Object(Illuminate/Foundation/Application), Array, Array, NULL)
#11 D:/BS CS/BS COSC SEM 6/nike-laravel/nike-laravel/vendor/laravel/framework/src/Illuminate/Console/Command.php(211): Illuminate/Container/Container->call(Array)
#12 D:/BS CS/BS COSC SEM 6/nike-laravel/nike-laravel/vendor/symfony/console/Command/Command.php(326): Illuminate/Console/Command->execute(Object(Symfony/Component/Console/Input/ArgvInput), Object(Illuminate/Console/OutputStyle))
#13 D:/BS CS/BS COSC SEM 6/nike-laravel/nike-laravel/vendor/laravel/framework/src/Illuminate/Console/Command.php(180): Symfony/Component/Console/Command/Command->run(Object(Symfony/Component/Console/Input/ArgvInput), Object(Illuminate/Console/OutputStyle))
#14 D:/BS CS/BS COSC SEM 6/nike-laravel/nike-laravel/vendor/symfony/console/Application.php(1121): Illuminate/Console/Command->run(Object(Symfony/Component/Console/Input/ArgvInput), Object(Symfony/Component/Console/Output/ConsoleOutput))
#15 D:/BS CS/BS COSC SEM 6/nike-laravel/nike-laravel/vendor/symfony/console/Application.php(324): Symfony/Component/Console/Application->doRunCommand(Object(Illuminate/Database/Console/Seeds/SeedCommand), Object(Symfony/Component/Console/Input/ArgvInput), Object(Symfony/Component/Console/Output/ConsoleOutput))
#16 D:/BS CS/BS COSC SEM 6/nike-laravel/nike-laravel/vendor/symfony/console/Application.php(175): Symfony/Component/Console/Application->doRun(Object(Symfony/Component/Console/Input/ArgvInput), Object(Symfony/Component/Console/Output/ConsoleOutput))
#17 D:/BS CS/BS COSC SEM 6/nike-laravel/nike-laravel/vendor/laravel/framework/src/Illuminate/Foundation/Console/Kernel.php(201): Symfony/Component/Console/Application->run(Object(Symfony/Component/Console/Input/ArgvInput), Object(Symfony/Component/Console/Output/ConsoleOutput))
#18 D:/BS CS/BS COSC SEM 6/nike-laravel/nike-laravel/artisan(12): Illuminate/Foundation/Console/Kernel->handle(Object(Symfony/Component/Console/Input/ArgvInput), Object(Symfony/Component/Console/Output/ConsoleOutput))
#19 {main}
"} 
[2026-05-01 16:38:57] local.WARNING: Email failed: Failed to authenticate on SMTP server with username "umerahsan696@gmail.com" using the following authenticators: "LOGIN", "PLAIN", "XOAUTH2". Authenticator "LOGIN" returned "Expected response code "235" but got code "535", with message "535-5.7.8 Username and Password not accepted. For more information, go to
535 5.7.8  https://support.google.com/mail/?p=BadCredentials 5b1f17b1804b1-48a820c8556sm123422955e9.4 - gsmtp".". Authenticator "PLAIN" returned "Expected response code "235" but got code "535", with message "535-5.7.8 Username and Password not accepted. For more information, go to
535 5.7.8  https://support.google.com/mail/?p=BadCredentials 5b1f17b1804b1-48a820c8556sm123422955e9.4 - gsmtp".". Authenticator "XOAUTH2" returned "Expected response code "235" but got code "334", with message "334 eyJzdGF0dXMiOiI0MDAiLCJzY2hlbWVzIjoiQmVhcmVyIiwic2NvcGUiOiJodHRwczovL21haWwuZ29vZ2xlLmNvbS8ifQ==".".  
